{
  "0.2": {
    "alpha_tilde_left": 0.2,
    "alpha_tilde_right": 0.2,
    "C": 2000,
    "Q_W_mean": 0.2268431603908539,
    "Q_W_std": 0.007013567271387636,
    "Q_X_mean": 0.22815946340560914,
    "Q_X_std": 0.006370208238958231,
    "Q_W_prime_mean": 0.034515588348734645,
    "Q_W_prime_std": 0.008758235746846262,
    "Q_X_prime_mean": 0.036159329924372235,
    "Q_X_prime_std": 0.007954837154112038,
    "Q_Y_mean": 0.1196922168135643,
    "Q_Y_std": 0.006597706234265017,
    "Gen_Error_mean": 0.18337554037570952,
    "Gen_Error_std": 0.0023058434789561683,
    "m_squared_mean": 0.01436105128377676,
    "m_squared_std": 0.0015954541048753814,
    "Loss_mean": 0.050154657941311596,
    "Loss_std": 0.04805183829623309,
    "epochs_mean": 2000.0,
    "Time_s_mean": 0.0
  },
  "0.4": {
    "alpha_tilde_left": 0.4,
    "alpha_tilde_right": 0.4,
    "C": 4000,
    "Q_W_mean": 0.2694483518600464,
    "Q_W_std": 0.0019708699474854418,
    "Q_X_mean": 0.26471531987190244,
    "Q_X_std": 0.004750066581600776,
    "Q_W_prime_mean": 0.08771908615348074,
    "Q_W_prime_std": 0.0024611361035732767,
    "Q_X_prime_mean": 0.08180868302401487,
    "Q_X_prime_std": 0.0059316751839816224,
    "Q_Y_mean": 0.1882597327232361,
    "Q_Y_std": 0.0017549588830196112,
    "Gen_Error_mean": 0.3116993248462677,
    "Gen_Error_std": 0.0009193002258064915,
    "m_squared_mean": 0.03544419333338737,
    "m_squared_std": 0.0006580717660642523,
    "Loss_mean": 0.09373181611299515,
    "Loss_std": 0.030978663541391473,
    "epochs_mean": 2000.0,
    "Time_s_mean": 0.0
  },
  "0.6000000000000001": {
    "alpha_tilde_left": 0.6,
    "alpha_tilde_right": 0.6,
    "C": 6000,
    "Q_W_mean": 0.3255323112010956,
    "Q_W_std": 0.011587679889382396,
    "Q_X_mean": 0.3181864798069,
    "Q_X_std": 0.003469771148100248,
    "Q_W_prime_mean": 0.15775427916137014,
    "Q_W_prime_std": 0.014470187324534079,
    "Q_X_prime_mean": 0.14858112652484884,
    "Q_X_prime_std": 0.004332898299363557,
    "Q_Y_mean": 0.25947288870811464,
    "Q_Y_std": 0.006488911373278949,
    "Gen_Error_mean": 0.4203819572925568,
    "Gen_Error_std": 0.0033269221706539657,
    "m_squared_mean": 0.06735986769199372,
    "m_squared_std": 0.003355236740267842,
    "Loss_mean": 0.6209026992321014,
    "Loss_std": 0.5814576279028477,
    "epochs_mean": 2000.0,
    "Time_s_mean": 0.0
  },
  "0.8": {
    "alpha_tilde_left": 0.8,
    "alpha_tilde_right": 0.8,
    "C": 8000,
    "Q_W_mean": 0.3844290912151337,
    "Q_W_std": 0.005455031377786842,
    "Q_X_mean": 0.39018078446388244,
    "Q_X_std": 0.006225891791863847,
    "Q_W_prime_mean": 0.23130199947731592,
    "Q_W_prime_std": 0.006812004357327301,
    "Q_X_prime_mean": 0.23848446219091862,
    "Q_X_prime_std": 0.007774621093312811,
    "Q_Y_mean": 0.3442174792289734,
    "Q_Y_std": 0.005513522346585489,
    "Gen_Error_mean": 0.5160923838615418,
    "Gen_Error_std": 0.0064716393754934735,
    "m_squared_mean": 0.11850999593734741,
    "m_squared_std": 0.0037809394851580007,
    "Loss_mean": 1.2263167997822166,
    "Loss_std": 1.6237642986351901,
    "epochs_mean": 2000.0,
    "Time_s_mean": 0.0
  },
  "1.0": {
    "alpha_tilde_left": 1.0,
    "alpha_tilde_right": 1.0,
    "C": 10000,
    "Q_W_mean": 0.4483476519584656,
    "Q_W_std": 0.005734158944341987,
    "Q_X_mean": 0.4481640636920929,
    "Q_X_std": 0.00915242387102917,
    "Q_W_prime_mean": 0.3111206997089392,
    "Q_W_prime_std": 0.007160566641930553,
    "Q_X_prime_mean": 0.31089144271958846,
    "Q_X_prime_std": 0.011429146226992296,
    "Q_Y_mean": 0.4156685173511505,
    "Q_Y_std": 0.007665673034097756,
    "Gen_Error_mean": 0.6055248618125916,
    "Gen_Error_std": 0.007400101964730482,
    "m_squared_mean": 0.1728273242712021,
    "m_squared_std": 0.00637486068131326,
    "Loss_mean": 0.28044947194866837,
    "Loss_std": 0.36098602798991386,
    "epochs_mean": 2000.0,
    "Time_s_mean": 0.0
  },
  "1.2": {
    "alpha_tilde_left": 1.2,
    "alpha_tilde_right": 1.2,
    "C": 12000,
    "Q_W_mean": 0.516971743106842,
    "Q_W_std": 0.009902116411487197,
    "Q_X_mean": 0.5144392371177673,
    "Q_X_std": 0.0069834239000960505,
    "Q_W_prime_mean": 0.39681546029710335,
    "Q_W_prime_std": 0.012365329449155147,
    "Q_X_prime_mean": 0.3936529776938348,
    "Q_X_prime_std": 0.00872059402448715,
    "Q_Y_mean": 0.49853538274765014,
    "Q_Y_std": 0.010996357556929105,
    "Gen_Error_mean": 0.6550294160842896,
    "Gen_Error_std": 0.00739899760615646,
    "m_squared_mean": 0.24863428771495819,
    "m_squared_std": 0.011017880681361355,
    "Loss_mean": 2.5851278258895034,
    "Loss_std": 3.6610329761572933,
    "epochs_mean": 2000.0,
    "Time_s_mean": 0.0
  },
  "1.4000000000000001": {
    "alpha_tilde_left": 1.4,
    "alpha_tilde_right": 1.4,
    "C": 14000,
    "Q_W_mean": 0.5863635301589966,
    "Q_W_std": 0.009340397358380657,
    "Q_X_mean": 0.5855406522750854,
    "Q_X_std": 0.0037714135741527986,
    "Q_W_prime_mean": 0.48346888591933734,
    "Q_W_prime_std": 0.011663879288311533,
    "Q_X_prime_mean": 0.4824413120444048,
    "Q_X_prime_std": 0.004709576154781947,
    "Q_Y_mean": 0.5846681237220764,
    "Q_Y_std": 0.0072208237418973946,
    "Gen_Error_mean": 0.6820041060447692,
    "Gen_Error_std": 0.005241989549493793,
    "m_squared_mean": 0.3418785512447357,
    "m_squared_std": 0.00846778084783095,
    "Loss_mean": 2.3975196838378907,
    "Loss_std": 3.033344554136526,
    "epochs_mean": 2000.0,
    "Time_s_mean": 0.0
  },
  "1.6": {
    "alpha_tilde_left": 1.6,
    "alpha_tilde_right": 1.6,
    "C": 16000,
    "Q_W_mean": 0.6606474399566651,
    "Q_W_std": 0.004833147302840751,
    "Q_X_mean": 0.6616832613945007,
    "Q_X_std": 0.008541935788456812,
    "Q_W_prime_mean": 0.5762313802436732,
    "Q_W_prime_std": 0.00603542275130105,
    "Q_X_prime_mean": 0.5775248687058444,
    "Q_X_prime_std": 0.010666795437313347,
    "Q_Y_mean": 0.6715246200561523,
    "Q_Y_std": 0.007660742213776817,
    "Gen_Error_mean": 0.6918598055839539,
    "Gen_Error_std": 0.007285019181804733,
    "m_squared_mean": 0.45099225640296936,
    "m_squared_std": 0.010275505760133445,
    "Loss_mean": 3.9776043057441712,
    "Loss_std": 4.234388245551693,
    "epochs_mean": 2000.0,
    "Time_s_mean": 0.0
  },
  "1.8": {
    "alpha_tilde_left": 1.8,
    "alpha_tilde_right": 1.8,
    "C": 18000,
    "Q_W_mean": 0.7342238306999207,
    "Q_W_std": 0.004936850291750754,
    "Q_X_mean": 0.7311019897460938,
    "Q_X_std": 0.00970906400249636,
    "Q_W_prime_mean": 0.6681103557488178,
    "Q_W_prime_std": 0.006164922503621342,
    "Q_X_prime_mean": 0.6642119374432975,
    "Q_X_prime_std": 0.012124254052853445,
    "Q_Y_mean": 0.7561612129211426,
    "Q_Y_std": 0.0076487711857505854,
    "Gen_Error_mean": 0.6812537550926209,
    "Gen_Error_std": 0.006642574675475027,
    "m_squared_mean": 0.5718266844749451,
    "m_squared_std": 0.0115645818005236,
    "Loss_mean": 10.359404158592223,
    "Loss_std": 7.805910395837551,
    "epochs_mean": 2000.0,
    "Time_s_mean": 0.0
  },
  "2.0": {
    "alpha_tilde_left": 2.0,
    "alpha_tilde_right": 2.0,
    "C": 20000,
    "Q_W_mean": 0.8071301102638244,
    "Q_W_std": 0.004946205420062594,
    "Q_X_mean": 0.8058073043823242,
    "Q_X_std": 0.004579060736158025,
    "Q_W_prime_mean": 0.75915252575139,
    "Q_W_prime_std": 0.0061766047782794015,
    "Q_X_prime_mean": 0.757500663680464,
    "Q_X_prime_std": 0.005718130571016066,
    "Q_Y_mean": 0.8412280797958374,
    "Q_Y_std": 0.005334467487134151,
    "Gen_Error_mean": 0.6767898678779602,
    "Gen_Error_std": 0.002931249805852225,
    "m_squared_mean": 0.707687509059906,
    "m_squared_std": 0.00898154466287173,
    "Loss_mean": 5.83426932990551,
    "Loss_std": 9.017407185010885,
    "epochs_mean": 2000.0,
    "Time_s_mean": 0.0
  }
}