{
  "metric": "Q_Y_ortho",
  "configs": [
    {
      "key": "500x50",
      "N": 500,
      "M": 50,
      "ratio": 10.0
    },
    {
      "key": "1000x50",
      "N": 1000,
      "M": 50,
      "ratio": 20.0
    },
    {
      "key": "1500x50",
      "N": 1500,
      "M": 50,
      "ratio": 30.0
    },
    {
      "key": "2000x50",
      "N": 2000,
      "M": 50,
      "ratio": 40.0
    }
  ],
  "linear_fits": {
    "500x50": {
      "slope": 0.1279817572371526,
      "intercept": 0.029193538664416818,
      "r2": 0.9988073473956102,
      "slope_err": 0.001474154255253692,
      "alpha_start": 0.5,
      "alpha_end": 1.5,
      "transition_alpha": 2.4000000000000004,
      "transition_start": 2.3000000000000003,
      "transition_end": 2.5,
      "max_gradient": 2.199292009075484
    },
    "1000x50": {
      "slope": 0.07175355700945313,
      "intercept": 0.012835664759305365,
      "r2": 0.998298694062349,
      "slope_err": 0.000987377298195465,
      "alpha_start": 0.5,
      "alpha_end": 1.5,
      "transition_alpha": 2.6,
      "transition_start": 2.5,
      "transition_end": 2.7,
      "max_gradient": 2.5204695574939224
    },
    "1500x50": {
      "slope": 0.05000700987875461,
      "intercept": 0.007281530140475785,
      "r2": 0.9959419058888587,
      "slope_err": 0.0010640295430927712,
      "alpha_start": 0.5,
      "alpha_end": 1.5,
      "transition_alpha": 2.8000000000000003,
      "transition_start": 2.7,
      "transition_end": 2.9000000000000004,
      "max_gradient": 2.4916898459196073
    },
    "2000x50": {
      "slope": 0.03917273921384053,
      "intercept": 0.004589455117556179,
      "r2": 0.9959018711584358,
      "slope_err": 0.0008376203432309174,
      "alpha_start": 0.5,
      "alpha_end": 1.5,
      "transition_alpha": 2.9000000000000004,
      "transition_start": 2.8000000000000003,
      "transition_end": 2.9000000000000004,
      "max_gradient": 2.6663693909843738
    }
  },
  "slope_vs_ratio": {
    "linear_origin": {
      "a": 1.3368870357419063,
      "R2": 0.9953301127593439,
      "formula": "slope = 1.336887 * (M/N)"
    },
    "linear": {
      "a": 1.1769342527731312,
      "b": 0.010930106836199625,
      "R2": 0.9987780389788561,
      "formula": "slope = 1.176934 * (M/N) + 0.010930"
    },
    "power_law": {
      "a": 0.9075930926654731,
      "b": 0.8502056529427575,
      "R2": 0.9998584689418707,
      "formula": "slope = 0.907593 * (M/N)^0.8502"
    }
  },
  "best_model": "linear_origin"
}