{
  "metric": "Q_Y_ortho_unobserved",
  "configs": [
    {
      "key": "500x50",
      "N": 500,
      "M": 50,
      "ratio": 10.0
    },
    {
      "key": "1000x50",
      "N": 1000,
      "M": 50,
      "ratio": 20.0
    },
    {
      "key": "1500x50",
      "N": 1500,
      "M": 50,
      "ratio": 30.0
    },
    {
      "key": "2000x50",
      "N": 2000,
      "M": 50,
      "ratio": 40.0
    }
  ],
  "linear_fits": {
    "500x50": {
      "slope": 0.09541537944989448,
      "intercept": -0.041077689987353325,
      "r2": 0.9833715521886007,
      "slope_err": 0.004135844127760597,
      "alpha_start": 0.5,
      "alpha_end": 1.5,
      "transition_alpha": 2.4000000000000004,
      "transition_start": 2.3000000000000003,
      "transition_end": 2.5,
      "max_gradient": 2.489830342431865
    },
    "1000x50": {
      "slope": 0.054984466945329186,
      "intercept": -0.02310128535398031,
      "r2": 0.9877265466066035,
      "slope_err": 0.0020430725562465236,
      "alpha_start": 0.5,
      "alpha_end": 1.5,
      "transition_alpha": 2.6,
      "transition_start": 2.5,
      "transition_end": 2.7,
      "max_gradient": 2.6795222610235188
    },
    "1500x50": {
      "slope": 0.038657726127315654,
      "intercept": -0.016892446120354274,
      "r2": 0.9717875384810973,
      "slope_err": 0.0021955830899954803,
      "alpha_start": 0.5,
      "alpha_end": 1.5,
      "transition_alpha": 2.8000000000000003,
      "transition_start": 2.7,
      "transition_end": 2.9000000000000004,
      "max_gradient": 2.605912393579878
    },
    "2000x50": {
      "slope": 0.030613214428409596,
      "intercept": -0.013618881136856303,
      "r2": 0.9817499353378912,
      "slope_err": 0.0013912956967868971,
      "alpha_start": 0.5,
      "alpha_end": 1.5,
      "transition_alpha": 2.9000000000000004,
      "transition_start": 2.8000000000000003,
      "transition_end": 2.9000000000000004,
      "max_gradient": 2.7554107333223
    }
  },
  "slope_vs_ratio": {
    "linear_origin": {
      "a": 1.0076264797259706,
      "R2": 0.9927953050263963,
      "formula": "slope = 1.007626 * (M/N)"
    },
    "linear": {
      "a": 0.8576479616535866,
      "b": 0.010248532068279588,
      "R2": 0.9980024954033458,
      "formula": "slope = 0.857648 * (M/N) + 0.010249"
    },
    "power_law": {
      "a": 0.6251164029836391,
      "b": 0.8156016623736655,
      "R2": 0.9997301144201642,
      "formula": "slope = 0.625116 * (M/N)^0.8156"
    }
  },
  "best_model": "linear_origin"
}