replica,seed,runtime_sec,final_loss,estimated_convergence_step,cosine_similarity
1,100,61.9484,1.0386099014e+09,901,-5.9651531046e-04
2,101,61.5632,1.0269415498e+07,2,5.1423257589e-01
