{
  "config": {
    "N1": 200,
    "N2": 200,
    "M": 50,
    "coarse_steps": 100,
    "fine_steps": 200,
    "samples_per_alpha": 2,
    "coarse_step": 0.2,
    "max_alpha": 4.0,
    "phase_fraction": 0.6
  },
  "phase_analysis": {
    "phase_zone": [
      1.2,
      2.4
    ],
    "phase_center": 1.7999999999999998,
    "saturation_alpha": 2.4,
    "distribution": {
      "below_phase": {
        "count": 2,
        "relative_density": 0.39999999999999997
      },
      "phase": {
        "count": 9,
        "relative_density": 1.7999999999999998
      },
      "above_phase": {
        "count": 4,
        "relative_density": 0.7999999999999998
      }
    }
  },
  "coarse_results": {
    "alphas": [
      0.0,
      0.2,
      0.4,
      0.6000000000000001,
      0.8,
      1.0,
      1.2,
      1.4,
      1.5999999999999999,
      1.7999999999999998,
      1.9999999999999998,
      2.1999999999999997,
      2.4,
      3.0,
      3.6
    ],
    "Q_Y": [
      -0.0017090002038457897,
      0.1190216951072216,
      0.19534733146429062,
      0.2688249200582504,
      0.3262450098991394,
      0.3966883271932602,
      0.4566235840320587,
      0.5226922333240509,
      0.616552472114563,
      0.7258504629135132,
      0.9110821783542633,
      0.9953211545944214,
      0.9996174275875092,
      0.9999998211860657,
      0.9999999701976776
    ]
  },
  "adaptive_results": {
    "alphas": [
      0.0,
      0.6,
      1.2,
      1.35,
      1.5,
      1.65,
      1.8,
      1.95,
      2.1,
      2.25,
      2.4,
      2.7,
      3.0,
      3.3,
      3.6
    ],
    "Q_Y": [
      -0.0017090002038457897,
      0.26882490515708923,
      0.4559713900089264,
      0.509830117225647,
      0.5596723258495331,
      0.6177453994750977,
      0.7058184742927551,
      0.8740947246551514,
      0.9964316487312317,
      0.9998818933963776,
      0.9999983012676239,
      0.9999999701976776,
      0.9999999403953552,
      0.9999999701976776,
      0.9999999701976776
    ]
  }
}