{
  "input_file": "Result_compareNM/500x50_1000x50_1500x50_2000x50/multi_size_results_steps2000.json",
  "configs": [
    {
      "key": "500x50",
      "N": 500,
      "M": 50,
      "ratio": 10.0
    },
    {
      "key": "1000x50",
      "N": 1000,
      "M": 50,
      "ratio": 20.0
    },
    {
      "key": "1500x50",
      "N": 1500,
      "M": 50,
      "ratio": 30.0
    },
    {
      "key": "2000x50",
      "N": 2000,
      "M": 50,
      "ratio": 40.0
    }
  ],
  "linear_fits": {
    "500x50": {
      "slope": 0.1566706322133541,
      "intercept": 0.017638788101348002,
      "r2": 0.9988022701270114,
      "slope_err": 0.0018084479834419459,
      "alpha_start": 0.5,
      "alpha_end": 1.5,
      "transition_alpha": 2.3000000000000003,
      "transition_start": 2.2,
      "transition_end": 2.4000000000000004,
      "max_gradient": 2.031723499298093
    },
    "1000x50": {
      "slope": 0.08287101106887515,
      "intercept": 0.006296037814833871,
      "r2": 0.9983976345587193,
      "slope_err": 0.0011066502742592525,
      "alpha_start": 0.5,
      "alpha_end": 1.5,
      "transition_alpha": 2.6,
      "transition_start": 2.5,
      "transition_end": 2.7,
      "max_gradient": 2.314176877339679
    },
    "1500x50": {
      "slope": 0.05480830481445248,
      "intercept": 0.004958389834924158,
      "r2": 0.9989981835455742,
      "slope_err": 0.0005785446023382922,
      "alpha_start": 0.5,
      "alpha_end": 1.5,
      "transition_alpha": 2.8000000000000003,
      "transition_start": 2.6,
      "transition_end": 2.9000000000000004,
      "max_gradient": 2.315880872309206
    },
    "2000x50": {
      "slope": 0.041100611114366484,
      "intercept": 0.003994742628525595,
      "r2": 0.9988037009038292,
      "slope_err": 0.00047414026760266904,
      "alpha_start": 0.5,
      "alpha_end": 1.5,
      "transition_alpha": 2.8000000000000003,
      "transition_start": 2.7,
      "transition_end": 2.9000000000000004,
      "max_gradient": 2.5388712957501385
    }
  },
  "slope_vs_ratio": {
    "linear_origin": {
      "a": 1.5920831447264834,
      "R2": 0.9993956210680266,
      "formula": "slope = 1.592083 * (M/N)"
    },
    "linear": {
      "a": 1.53413590278242,
      "b": 0.003959728199511001,
      "R2": 0.9991338376893333,
      "formula": "slope = 1.534136 * (M/N) + 0.003960"
    },
    "power_law": {
      "a": 1.3989662503699796,
      "b": 0.9497966094034784,
      "R2": 0.9995187330692957,
      "formula": "slope = 1.398966 * (M/N)^0.9498"
    }
  },
  "best_model": "power_law"
}