{
  "config": {
    "matrix": {
      "N1": 200,
      "N2": 200,
      "M": 20
    },
    "alpha": {
      "start": 0.0,
      "stop": 2.0,
      "step": 0.5
    },
    "training": {
      "max_steps": 500,
      "max_epochs": 20000,
      "samples_per_alpha": 2,
      "seed": 42,
      "resample_mask": true
    },
    "algorithm": {
      "damping": 0.5,
      "noise_var": 1e-10,
      "learning_rate": 0.01,
      "early_stop": false,
      "convergence_threshold": 1e-06,
      "use_compile": true
    },
    "algorithm_key": "bigamp",
    "graph_key": "dinic",
    "teacher_key": "orthogonal",
    "execution": {
      "metrics_to_compute": [
        "Q_Y",
        "Q_W",
        "Q_X",
        "Q_W_prime",
        "Q_X_prime",
        "Gen_Error"
      ],
      "plots": [],
      "include_summary_plot": true,
      "include_qy_plot": true
    }
  },
  "results": {
    "0.0": {
      "Q_W_mean": 0.5266594402492046,
      "Q_W_std": 0.6051683745243025,
      "Q_X_mean": 0.5235826559364796,
      "Q_X_std": 0.6118612835311203,
      "Q_W_prime_mean": 0.4795608770893942,
      "Q_W_prime_std": 0.6653841331827055,
      "Q_X_prime_mean": 0.4761779450838644,
      "Q_X_prime_std": 0.672743003284721,
      "Q_Y_mean": -0.1453699148260057,
      "Q_Y_std": 0.21932975842620145,
      "Gen_Error_mean": 0.11438177153468132,
      "Gen_Error_std": 0.02149892303294481,
      "Q_W_replica_mean": 0.09386704117059708,
      "Q_W_replica_std": 0.0,
      "Q_X_replica_mean": 0.08877267688512802,
      "Q_X_replica_std": 0.0
    },
    "0.5": {
      "Q_W_mean": 0.1283331736922264,
      "Q_W_std": 0.00047768184431034525,
      "Q_X_mean": 0.12606553360819817,
      "Q_X_std": 0.0018593977841111758,
      "Q_W_prime_mean": 0.041600156149118626,
      "Q_W_prime_std": 0.0005252123760819435,
      "Q_X_prime_mean": 0.03910688023583658,
      "Q_X_prime_std": 0.002044412488995614,
      "Q_Y_mean": 0.08694814890623093,
      "Q_Y_std": 0.0036939500010251796,
      "Gen_Error_mean": 0.46997278928756714,
      "Gen_Error_std": 0.004778441096771122,
      "Q_W_replica_mean": 0.14178521931171417,
      "Q_W_replica_std": 0.0,
      "Q_X_replica_mean": 0.1415252834558487,
      "Q_X_replica_std": 0.0
    },
    "1.0": {
      "Q_W_mean": 0.188839890062809,
      "Q_W_std": 0.012748020291832458,
      "Q_X_mean": 0.18455751240253448,
      "Q_X_std": 0.02225890973693719,
      "Q_W_prime_mean": 0.10812744131272087,
      "Q_W_prime_std": 0.014016480022347639,
      "Q_X_prime_mean": 0.10341895642257347,
      "Q_X_prime_std": 0.024473726626157762,
      "Q_Y_mean": 0.1550256609916687,
      "Q_Y_std": 0.021537608571521746,
      "Gen_Error_mean": 0.8226984143257141,
      "Gen_Error_std": 0.01588185974957211,
      "Q_W_replica_mean": 0.15738575160503387,
      "Q_W_replica_std": 0.0,
      "Q_X_replica_mean": 0.15774822235107422,
      "Q_X_replica_std": 0.0
    },
    "1.5": {
      "Q_W_mean": 0.2423207014799118,
      "Q_W_std": 0.006420671975573852,
      "Q_X_mean": 0.2348422408103943,
      "Q_X_std": 0.01528807387432638,
      "Q_W_prime_mean": 0.16692972650260507,
      "Q_W_prime_std": 0.007059544808956515,
      "Q_X_prime_mean": 0.1587071403933436,
      "Q_X_prime_std": 0.016809275254837896,
      "Q_Y_mean": 0.19874224811792374,
      "Q_Y_std": 0.015869015497488415,
      "Gen_Error_mean": 1.4605567455291748,
      "Gen_Error_std": 0.027088285300133724,
      "Q_W_replica_mean": 0.18811777234077454,
      "Q_W_replica_std": 0.0,
      "Q_X_replica_mean": 0.17568039894104004,
      "Q_X_replica_std": 0.0
    },
    "2.0": {
      "Q_W_mean": 0.29448144137859344,
      "Q_W_std": 0.013511204887955599,
      "Q_X_mean": 0.29632213711738586,
      "Q_X_std": 4.4296337784949626e-05,
      "Q_W_prime_mean": 0.2242805897742268,
      "Q_W_prime_std": 0.01485560338425326,
      "Q_X_prime_mean": 0.22630443931787195,
      "Q_X_prime_std": 4.870393358439106e-05,
      "Q_Y_mean": 0.2566748410463333,
      "Q_Y_std": 0.005770767571535866,
      "Gen_Error_mean": 2.5400925874710083,
      "Gen_Error_std": 0.04367475606311096,
      "Q_W_replica_mean": 0.1861489862203598,
      "Q_W_replica_std": 0.0,
      "Q_X_replica_mean": 0.19923721253871918,
      "Q_X_replica_std": 0.0
    }
  },
  "metadata": {
    "total_time": 11.02813172340393,
    "device": "NVIDIA GeForce RTX 5090"
  },
  "timestamp": "2025-12-08T10:07:39.719728"
}