{
  "config": {
    "matrix": {
      "N1": 1000,
      "N2": 1000,
      "M": 50
    },
    "alpha": {
      "start": 0.0,
      "stop": 3.0,
      "step": 0.1
    },
    "training": {
      "max_steps": 2000,
      "max_epochs": 20000,
      "samples_per_alpha": 4,
      "seed": 42,
      "resample_mask": true
    },
    "algorithm": {
      "damping": 0.5,
      "noise_var": 1e-10,
      "learning_rate": 0.01,
      "early_stop": false,
      "convergence_threshold": 1e-06,
      "use_compile": true
    },
    "algorithm_key": "bigamp",
    "graph_key": "random",
    "teacher_key": "orthogonal",
    "execution": {
      "metrics_to_compute": [
        "Q_Y_unobserved"
      ],
      "plots": [],
      "include_summary_plot": false,
      "include_qy_plot": true
    }
  },
  "results": {
    "0.0": {
      "Q_Y_unobserved_mean": -0.0004168909872532822,
      "Q_Y_unobserved_std": 0.0016663816187908057,
      "Q_W_replica_mean": 0.04823146636287371,
      "Q_W_replica_std": 0.001165023024988798,
      "Q_X_replica_mean": 0.04734333977103233,
      "Q_X_replica_std": 0.0015054451493172769
    },
    "0.1": {
      "Q_Y_unobserved_mean": 0.0007363254990195855,
      "Q_Y_unobserved_std": 0.001376073055401409,
      "Q_W_replica_mean": 0.06668949375549953,
      "Q_W_replica_std": 0.0020520567320180586,
      "Q_X_replica_mean": 0.06644358982642491,
      "Q_X_replica_std": 0.0011161783453227873
    },
    "0.2": {
      "Q_Y_unobserved_mean": 0.0012215205460961442,
      "Q_Y_unobserved_std": 0.0008297305054949312,
      "Q_W_replica_mean": 0.07355661690235138,
      "Q_W_replica_std": 0.0017960306044747492,
      "Q_X_replica_mean": 0.07500461985667546,
      "Q_X_replica_std": 0.0012471583384140112
    },
    "0.30000000000000004": {
      "Q_Y_unobserved_mean": 0.0017075473442673683,
      "Q_Y_unobserved_std": 0.0017223413325084473,
      "Q_W_replica_mean": 0.07990528270602226,
      "Q_W_replica_std": 0.002341961288319083,
      "Q_X_replica_mean": 0.08017044017712276,
      "Q_X_replica_std": 0.0018174041632829834
    },
    "0.4": {
      "Q_Y_unobserved_mean": 0.004838262859266251,
      "Q_Y_unobserved_std": 0.0013245451549206613,
      "Q_W_replica_mean": 0.08434953913092613,
      "Q_W_replica_std": 0.003566834054388778,
      "Q_X_replica_mean": 0.08519811928272247,
      "Q_X_replica_std": 0.0033891734831493344
    },
    "0.5": {
      "Q_Y_unobserved_mean": 0.007417692453600466,
      "Q_Y_unobserved_std": 0.002060461636000206,
      "Q_W_replica_mean": 0.08823576445380847,
      "Q_W_replica_std": 0.002605778153697624,
      "Q_X_replica_mean": 0.08865486457943916,
      "Q_X_replica_std": 0.0023446104352965813
    },
    "0.6000000000000001": {
      "Q_Y_unobserved_mean": 0.010039830347523093,
      "Q_Y_unobserved_std": 0.0013731390667979487,
      "Q_W_replica_mean": 0.09067859128117561,
      "Q_W_replica_std": 0.0031751599875276568,
      "Q_X_replica_mean": 0.09117236360907555,
      "Q_X_replica_std": 0.002321435122036231
    },
    "0.7000000000000001": {
      "Q_Y_unobserved_mean": 0.014219299191609025,
      "Q_Y_unobserved_std": 0.003145528450118999,
      "Q_W_replica_mean": 0.09395111848910649,
      "Q_W_replica_std": 0.0028459325002868517,
      "Q_X_replica_mean": 0.09351241961121559,
      "Q_X_replica_std": 0.0033245772001452194
    },
    "0.8": {
      "Q_Y_unobserved_mean": 0.021490052342414856,
      "Q_Y_unobserved_std": 0.0014678555437504406,
      "Q_W_replica_mean": 0.09836588427424431,
      "Q_W_replica_std": 0.0025333166796057825,
      "Q_X_replica_mean": 0.0984983208278815,
      "Q_X_replica_std": 0.0014526139651086169
    },
    "0.9": {
      "Q_Y_unobserved_mean": 0.023155355360358953,
      "Q_Y_unobserved_std": 0.0019242338605494579,
      "Q_W_replica_mean": 0.09434909870227177,
      "Q_W_replica_std": 0.0024723746866564013,
      "Q_X_replica_mean": 0.09339529027541478,
      "Q_X_replica_std": 0.0031246420727285983
    },
    "1.0": {
      "Q_Y_unobserved_mean": 0.02647968288511038,
      "Q_Y_unobserved_std": 0.0028020296432795183,
      "Q_W_replica_mean": 0.09910959005355835,
      "Q_W_replica_std": 0.0013991844407325348,
      "Q_X_replica_mean": 0.09851889312267303,
      "Q_X_replica_std": 0.0010508437387226801
    },
    "1.1": {
      "Q_Y_unobserved_mean": 0.03535160608589649,
      "Q_Y_unobserved_std": 0.001637204835705263,
      "Q_W_replica_mean": 0.09919721260666847,
      "Q_W_replica_std": 0.0012366825969436174,
      "Q_X_replica_mean": 0.10000843058029811,
      "Q_X_replica_std": 0.002088465353998516
    },
    "1.2000000000000002": {
      "Q_Y_unobserved_mean": 0.04043804947286844,
      "Q_Y_unobserved_std": 0.002841599157782872,
      "Q_W_replica_mean": 0.09801964585979779,
      "Q_W_replica_std": 0.002422601732057505,
      "Q_X_replica_mean": 0.09627031162381172,
      "Q_X_replica_std": 0.00254765915217573
    },
    "1.3": {
      "Q_Y_unobserved_mean": 0.049576541408896446,
      "Q_Y_unobserved_std": 0.0016891356653232225,
      "Q_W_replica_mean": 0.10099130868911743,
      "Q_W_replica_std": 0.0023772752056569098,
      "Q_X_replica_mean": 0.10152678440014522,
      "Q_X_replica_std": 0.0022113559067962925
    },
    "1.4000000000000001": {
      "Q_Y_unobserved_mean": 0.05759292747825384,
      "Q_Y_unobserved_std": 0.002748156034146581,
      "Q_W_replica_mean": 0.10156429558992386,
      "Q_W_replica_std": 0.0023767107847488546,
      "Q_X_replica_mean": 0.10190323491891225,
      "Q_X_replica_std": 0.0017199958913729804
    },
    "1.5": {
      "Q_Y_unobserved_mean": 0.06274950969964266,
      "Q_Y_unobserved_std": 0.002151958661181724,
      "Q_W_replica_mean": 0.09992307424545288,
      "Q_W_replica_std": 0.0016282219015206873,
      "Q_X_replica_mean": 0.09980968261758487,
      "Q_X_replica_std": 0.002007224871374217
    },
    "1.6": {
      "Q_Y_unobserved_mean": 0.07282249256968498,
      "Q_Y_unobserved_std": 0.0009538180618189828,
      "Q_W_replica_mean": 0.10090201596419017,
      "Q_W_replica_std": 0.00227583046446175,
      "Q_X_replica_mean": 0.10078396027286847,
      "Q_X_replica_std": 0.003240378860880611
    },
    "1.7000000000000002": {
      "Q_Y_unobserved_mean": 0.07568780705332756,
      "Q_Y_unobserved_std": 0.0021055168792119263,
      "Q_W_replica_mean": 0.09789152195056279,
      "Q_W_replica_std": 0.002372643009299578,
      "Q_X_replica_mean": 0.09804818655053775,
      "Q_X_replica_std": 0.0017437640056074675
    },
    "1.8": {
      "Q_Y_unobserved_mean": 0.08403977937996387,
      "Q_Y_unobserved_std": 0.0021241913252728326,
      "Q_W_replica_mean": 0.09639889250199,
      "Q_W_replica_std": 0.0025063363912000047,
      "Q_X_replica_mean": 0.09707872197031975,
      "Q_X_replica_std": 0.0026427254478059705
    },
    "1.9000000000000001": {
      "Q_Y_unobserved_mean": 0.09460017085075378,
      "Q_Y_unobserved_std": 0.004082084720981133,
      "Q_W_replica_mean": 0.09426076089342435,
      "Q_W_replica_std": 0.0022447593219226043,
      "Q_X_replica_mean": 0.09435580298304558,
      "Q_X_replica_std": 0.0018915026067336908
    },
    "2.0": {
      "Q_Y_unobserved_mean": 0.09210358187556267,
      "Q_Y_unobserved_std": 0.002108901868051508,
      "Q_W_replica_mean": 0.08957100162903468,
      "Q_W_replica_std": 0.0012677967961886726,
      "Q_X_replica_mean": 0.089285875360171,
      "Q_X_replica_std": 0.0009842208648999865
    },
    "2.1": {
      "Q_Y_unobserved_mean": 0.10584089905023575,
      "Q_Y_unobserved_std": 0.003596277614160038,
      "Q_W_replica_mean": 0.09078780561685562,
      "Q_W_replica_std": 0.0020356462669255857,
      "Q_X_replica_mean": 0.09214728698134422,
      "Q_X_replica_std": 0.0017049062896343239
    },
    "2.2": {
      "Q_Y_unobserved_mean": 0.12649177573621273,
      "Q_Y_unobserved_std": 0.0029689309121628976,
      "Q_W_replica_mean": 0.09882057085633278,
      "Q_W_replica_std": 0.0014618717201341476,
      "Q_X_replica_mean": 0.09780756384134293,