{
  "config": {
    "N1": 200,
    "N2": 200,
    "M": 50,
    "steps": 500,
    "samples_per_alpha": 1,
    "damping": 0.5,
    "noise_var": 1e-10,
    "mode": "parallel",
    "total_time": 0.42329835891723633
  },
  "alpha_values": [
    0.0,
    0.5,
    1.0,
    1.5,
    2.0
  ],
  "results": {
    "0.0": {
      "Q_W_mean": 0.19503852725028992,
      "Q_W_std": 0.0,
      "Q_X_mean": 0.20287805795669556,
      "Q_X_std": 0.0,
      "Q_W_prime_mean": 0.0,
      "Q_W_prime_std": 0.0,
      "Q_X_prime_mean": 0.004589017647410127,
      "Q_X_prime_std": 0.0,
      "Q_Y_mean": 0.000336710421834141,
      "Q_Y_std": 0.0,
      "Gen_Error_mean": 0.03908148035407066,
      "Gen_Error_std": 0.0,
      "Q_W_replica_mean": 0.0,
      "Q_W_replica_std": 0.0,
      "Q_X_replica_mean": 0.0,
      "Q_X_replica_std": 0.0
    },
    "0.5": {
      "Q_W_mean": 0.29134804010391235,
      "Q_W_std": 0.0,
      "Q_X_mean": 0.28960898518562317,
      "Q_X_std": 0.0,
      "Q_W_prime_mean": 0.1150664580400653,
      "Q_W_prime_std": 0.0,
      "Q_X_prime_mean": 0.11289480239583624,
      "Q_X_prime_std": 0.0,
      "Q_Y_mean": 0.21375209093093872,
      "Q_Y_std": 0.0,
      "Gen_Error_mean": 0.39279019832611084,
      "Gen_Error_std": 0.0,
      "Q_W_replica_mean": 0.0,
      "Q_W_replica_std": 0.0,
      "Q_X_replica_mean": 0.0,
      "Q_X_replica_std": 0.0
    },
    "1.0": {
      "Q_W_mean": 0.43215957283973694,
      "Q_W_std": 0.0,
      "Q_X_mean": 0.43780702352523804,
      "Q_X_std": 0.0,
      "Q_W_prime_mean": 0.2909057352373182,
      "Q_W_prime_std": 0.0,
      "Q_X_prime_mean": 0.29795802440179087,
      "Q_X_prime_std": 0.0,
      "Q_Y_mean": 0.4010738432407379,
      "Q_Y_std": 0.0,
      "Gen_Error_mean": 0.7074490785598755,
      "Gen_Error_std": 0.0,
      "Q_W_replica_mean": 0.0,
      "Q_W_replica_std": 0.0,
      "Q_X_replica_mean": 0.0,
      "Q_X_replica_std": 0.0
    },
    "1.5": {
      "Q_W_mean": 0.5733312964439392,
      "Q_W_std": 0.0,
      "Q_X_mean": 0.5715857148170471,
      "Q_X_std": 0.0,
      "Q_W_prime_mean": 0.46719480302145017,
      "Q_W_prime_std": 0.0,
      "Q_X_prime_mean": 0.46501499710926425,
      "Q_X_prime_std": 0.0,
      "Q_Y_mean": 0.559227705001831,
      "Q_Y_std": 0.0,
      "Gen_Error_mean": 1.003378987312317,
      "Gen_Error_std": 0.0,
      "Q_W_replica_mean": 0.0,
      "Q_W_replica_std": 0.0,
      "Q_X_replica_mean": 0.0,
      "Q_X_replica_std": 0.0
    },
    "2.0": {
      "Q_W_mean": 0.922010600566864,
      "Q_W_std": 0.0,
      "Q_X_mean": 0.9203901290893555,
      "Q_X_std": 0.0,
      "Q_W_prime_mean": 0.9026102524480414,
      "Q_W_prime_std": 0.0,
      "Q_X_prime_mean": 0.9005866786129462,
      "Q_X_prime_std": 0.0,
      "Q_Y_mean": 0.9726665019989014,
      "Q_Y_std": 0.0,
      "Gen_Error_mean": 0.7495577335357666,
      "Gen_Error_std": 0.0,
      "Q_W_replica_mean": 0.0,
      "Q_W_replica_std": 0.0,
      "Q_X_replica_mean": 0.0,
      "Q_X_replica_std": 0.0
    }
  }
}