{
  "config": {
    "N1": 200,
    "N2": 200,
    "M": 50,
    "steps": 400,
    "samples_per_alpha": 3,
    "mode": "mode2_adaptive",
    "phase_zone": [
      1.2,
      2.4
    ],
    "total_time": 7.392918825149536
  },
  "alpha_values": [
    0.0,
    0.6,
    1.2,
    1.26,
    1.32,
    1.38,
    1.44,
    1.5,
    1.56,
    1.62,
    1.68,
    1.74,
    1.8,
    1.86,
    1.92,
    1.98,
    2.04,
    2.1,
    2.16,
    2.22,
    2.28,
    2.34,
    2.4,
    2.85,
    3.3,
    3.75,
    4.2,
    4.65,
    5.1,
    5.55,
    6.0
  ],
  "results": {
    "0.0": {
      "Q_W_mean": 0.19804146885871887,
      "Q_W_std": 0.0019241340756930827,
      "Q_X_mean": 0.20163056751092276,
      "Q_X_std": 0.005906107389027584,
      "Q_W_prime_mean": 0.5990207344293594,
      "Q_W_prime_std": 0.0009620670378465414,
      "Q_X_prime_mean": 0.6008152837554613,
      "Q_X_prime_std": 0.0029530536945137917,
      "Q_Y_mean": 0.0011078317984356545,
      "Q_Y_std": 0.005159225330433097,
      "Gen_Error_mean": 0.03959707419077555,
      "Gen_Error_std": 0.0003638036815447067
    },
    "0.6": {
      "Q_W_mean": 0.31911558906237286,
      "Q_W_std": 0.016817245551343042,
      "Q_X_mean": 0.32362820704778034,
      "Q_X_std": 0.01164727115657407,
      "Q_W_prime_mean": 0.6595577945311865,
      "Q_W_prime_std": 0.008408622775671521,
      "Q_X_prime_mean": 0.6618141035238901,
      "Q_X_prime_std": 0.005823635578287035,
      "Q_Y_mean": 0.2596789449453354,
      "Q_Y_std": 0.016035372657249438,
      "Gen_Error_mean": 0.46329647302627563,
      "Gen_Error_std": 0.00446406213753401
    },
    "1.2": {
      "Q_W_mean": 0.4885260860125224,
      "Q_W_std": 0.005417557043424924,
      "Q_X_mean": 0.47766758998235065,
      "Q_X_std": 0.0023819962338709243,
      "Q_W_prime_mean": 0.7442630430062612,
      "Q_W_prime_std": 0.002708778521712462,
      "Q_X_prime_mean": 0.7388337949911753,
      "Q_X_prime_std": 0.0011909981169354622,
      "Q_Y_mean": 0.4541721244653066,
      "Q_Y_std": 0.0032574284219821737,
      "Gen_Error_mean": 0.8086274067560831,
      "Gen_Error_std": 0.012149091819759362
    },
    "1.26": {
      "Q_W_mean": 0.5089339812596639,
      "Q_W_std": 0.009831277177277949,
      "Q_X_mean": 0.5094303091367086,
      "Q_X_std": 0.009401876872301462,
      "Q_W_prime_mean": 0.7544669906298319,
      "Q_W_prime_std": 0.004915638588638974,
      "Q_X_prime_mean": 0.7547151545683543,
      "Q_X_prime_std": 0.004700938436150731,
      "Q_Y_mean": 0.48552900552749634,
      "Q_Y_std": 0.01216878890413728,
      "Gen_Error_mean": 0.8538334369659424,
      "Gen_Error_std": 0.023257807530665968
    },
    "1.32": {
      "Q_W_mean": 0.5190216104189554,
      "Q_W_std": 0.0106447611439098,
      "Q_X_mean": 0.5310770670572916,
      "Q_X_std": 0.009911770483519093,
      "Q_W_prime_mean": 0.7595108052094778,
      "Q_W_prime_std": 0.0053223805719549,
      "Q_X_prime_mean": 0.7655385335286459,
      "Q_X_prime_std": 0.0049558852417595466,
      "Q_Y_mean": 0.5018751323223114,
      "Q_Y_std": 0.013194197238274004,
      "Gen_Error_mean": 0.8932207226753235,
      "Gen_Error_std": 0.009230953596393584
    },
    "1.38": {
      "Q_W_mean": 0.539117674032847,
      "Q_W_std": 0.0036953137823614434,
      "Q_X_mean": 0.530817707379659,
      "Q_X_std": 0.00436819416933202,
      "Q_W_prime_mean": 0.7695588370164236,
      "Q_W_prime_std": 0.0018476568911807217,
      "Q_X_prime_mean": 0.7654088536898295,
      "Q_X_prime_std": 0.0021840970846660106,
      "Q_Y_mean": 0.5139782826105753,
      "Q_Y_std": 0.0034925734622955978,
      "Gen_Error_mean": 0.9418052236239115,
      "Gen_Error_std": 0.015504924579673032
    },
    "1.44": {
      "Q_W_mean": 0.5501806537310282,
      "Q_W_std": 0.005124039110279165,
      "Q_X_mean": 0.5529671510060629,
      "Q_X_std": 0.0032428525924414527,
      "Q_W_prime_mean": 0.7750903268655142,
      "Q_W_prime_std": 0.0025620195551395823,
      "Q_X_prime_mean": 0.7764835755030314,
      "Q_X_prime_std": 0.0016214262962207264,
      "Q_Y_mean": 0.5352660814921061,
      "Q_Y_std": 0.004561805401497739,
      "Gen_Error_mean": 0.9661762913068136,
      "Gen_Error_std": 0.0014706209933408774
    },
    "1.5": {
      "Q_W_mean": 0.5681011080741882,
      "Q_W_std": 0.010578707052378282,
      "Q_X_mean": 0.5650531053543091,
      "Q_X_std": 0.0069597843753136145,
      "Q_W_prime_mean": 0.7840505540370941,
      "Q_W_prime_std": 0.005289353526189141,
      "Q_X_prime_mean": 0.7825265526771545,
      "Q_X_prime_std": 0.0034798921876568072,
      "Q_Y_mean": 0.5553229252497355,
      "Q_Y_std": 0.009421050530515337,
      "Gen_Error_mean": 1.0052908658981323,
      "Gen_Error_std": 0.01966095435171744
    },
    "1.56": {
      "Q_W_mean": 0.5802432497342428,
      "Q_W_std": 0.007052090586092624,
      "Q_X_mean": 0.5733599662780762,
      "Q_X_std": 0.012507376634921961,
      "Q_W_prime_mean": 0.7901216248671213,
      "Q_W_prime_std": 0.003526045293046312,
      "Q_X_prime_mean": 0.7866799831390381,
      "Q_X_prime_std": 0.0062536883174609805,
      "Q_Y_mean": 0.5614732702573141,
      "Q_Y_std": 0.013632381019936758,
      "Gen_Error_mean": 1.0821873744328816,
      "Gen_Error_std": 0.018611288244958973
    },
    "1.62": {
      "Q_W_mean": 0.5947054227193197,
      "Q_W_std": 0.010551649369258875,
      "Q_X_mean": 0.595080296198527,
      "Q_X_std": 0.008773335869287439,
      "Q_W_prime_mean": 0.7973527113596598,
      "Q_W_prime_std": 0.005275824684629437,
      "Q_X_prime_mean": 0.7975401480992635,
      "Q_X_prime_std": 0.0043866679346437195,
      "Q_Y_mean": 0.5839525659879049,
      "Q_Y_std": 0.008996947281167499,
      "Gen_Error_mean": 1.1241177320480347,
      "Gen_Error_std": 0.023689930729244493
    },
    "1.68": {
      "Q_W_mean": 0.6131064295768738,
      "Q_W_std": 0.01103004555595444,
      "Q_X_mean": 0.6255040764808655,
      "Q_X_std": 0.015327405918620385,
      "Q_W_prime_mean": 0.8065532147884369,
      "Q_W_prime_std": 0.00551502277797722,
      "Q_X_prime_mean": 0.8127520382404327,
      "Q_X_prime_std": 0.007663702959310193,
      "Q_Y_mean": 0.6153541405995687,
      "Q_Y_std": 0.015347750158376574,
      "Gen_Error_mean": 1.1431765953699748,
      "Gen_Error_std": 0.026983344206531684
    },
    "1.74": {
      "Q_W_mean": 0.644759992758433,
      "Q_W_std": 0.01072798905114277,
      "Q_X_mean": 0.6491626699765524,
      "Q_X_std": 0.006869336299310274,
      "Q_W_prime_mean": 0.8223799963792165,
      "Q_W_prime_std": 0.005363994525571385,
      "Q_X_prime_mean": 0.8245813349882761,
      "Q_X_prime_std": 0.003434668149655137,
      "Q_Y_mean": 0.6458728313446045,
      "Q_Y_std": 0.008963974621439972,
      "Gen_Error_mean": 1.1672507921854656,
      "Gen_Error_std": 0.018322810843636406
    },
    "1.8": {
      "Q_W_mean": 0.6709542075792948,
      "Q_W_std": 0.016701758778438814,
      "Q_X_mean": 0.6746226946512858,
      "Q_X_std": 0.006920984495147444,
      "Q_W_prime_mean": 0.8354771037896475,
      "Q_W_prime_std": 0.008350879389219407,
      "Q_X_prime_mean": 0.8373113473256429,
      "Q_X_prime_std": 0.0034604922475737223,
      "Q_Y_mean": 0.6775805950164795,
      "Q_Y_std": 0.013933873605744584,
      "Gen_Error_mean": 1.174288551012675,
      "Gen_Error_std": 0.021469488858967954
    },
    "1.86": {
      "Q_W_mean": 0.7276594837506613,
      "Q_W_std": 0.019776556533584573,
      "Q_X_mean": 0.7286013762156168,
      "Q_X_std": 0.02511302113319663,
      "Q_W_prime_mean": 0.8638297418753306,
      "Q_W_prime_std": 0.009888278266792288,
      "Q_X_prime_mean": 0.8643006881078085,
      "Q_X_prime_std": 0.012556510566598315,
      "Q_Y_mean": 0.7454508145650228,
      "Q_Y_std": 0.024950973206385813,
      "Gen_Error_mean": 1.0864717562993367,
      "Gen_Error_std": 0.050340984144478386
    },
    "1.92": {
      "Q_W_mean": 0.7873740593592325,
      "Q_W_std": 0.006559054311168385,
      "Q_X_mean": 0.7827275594075521,
      "Q_X_std": 0.0031011417483252338,