{
  "phase_analysis": {
    "alpha_c": 1.8,
    "gradient": 0.4842050671577458,
    "consistency": 0.9611890508522573,
    "confidence": 0.46541260891920716
  },
  "adaptive_plan": [
    {
      "range": [
        1.3,
        2.3
      ],
      "step": 0.02,
      "reason": "phase_transition",
      "num_points": 50,
      "alphas": [
        1.3,
        1.32,
        1.34,
        1.36,
        1.3800000000000001,
        1.4000000000000001,
        1.4200000000000002,
        1.4400000000000002,
        1.4600000000000002,
        1.4800000000000002,
        1.5000000000000002,
        1.5200000000000002,
        1.5400000000000003,
        1.5600000000000003,
        1.5800000000000003,
        1.6000000000000003,
        1.6200000000000003,
        1.6400000000000003,
        1.6600000000000004,
        1.6800000000000004,
        1.7000000000000004,
        1.7200000000000004,
        1.7400000000000004,
        1.7600000000000005,
        1.7800000000000005,
        1.8000000000000005,
        1.8200000000000005,
        1.8400000000000005,
        1.8600000000000005,
        1.8800000000000006,
        1.9000000000000006,
        1.9200000000000006,
        1.9400000000000006,
        1.9600000000000006,
        1.9800000000000006,
        2.000000000000001,
        2.0200000000000005,
        2.040000000000001,
        2.0600000000000005,
        2.080000000000001,
        2.1000000000000005,
        2.120000000000001,
        2.1400000000000006,
        2.160000000000001,
        2.1800000000000006,
        2.200000000000001,
        2.2200000000000006,
        2.240000000000001,
        2.2600000000000007,
        2.280000000000001,
        2.3000000000000007
      ]
    },
    {
      "range": [
        0.0,
        1.3
      ],
      "step": 0.2,
      "reason": "stable",
      "num_points": 7,
      "alphas": [
        0.0,
        0.2,
        0.4,
        0.6000000000000001,
        0.8,
        1.0,
        1.2000000000000002
      ]
    },
    {
      "range": [
        2.3,
        3.0
      ],
      "step": 0.2,
      "reason": "stable",
      "num_points": 4,
      "alphas": [
        2.3,
        2.5,
        2.7,
        2.9000000000000004,
        3.1000000000000005
      ]
    }
  ],
  "speedup": {
    "smart_points": 63,
    "uniform_dense_points": 151,
    "speedup_factor": 2.3968253968253967
  },
  "smart_alphas": [
    0.0,
    0.2,
    0.4,
    0.6000000000000001,
    0.8,
    1.0,
    1.2000000000000002,
    1.3,
    1.32,
    1.34,
    1.36,
    1.3800000000000001,
    1.4000000000000001,
    1.4200000000000002,
    1.4400000000000002,
    1.4600000000000002,
    1.4800000000000002,
    1.5000000000000002,
    1.5200000000000002,
    1.5400000000000003,
    1.5600000000000003,
    1.5800000000000003,
    1.6000000000000003,
    1.6200000000000003,
    1.6400000000000003,
    1.6600000000000004,
    1.6800000000000004,
    1.7000000000000004,
    1.7200000000000004,
    1.7400000000000004,
    1.7600000000000005,
    1.7800000000000005,
    1.8000000000000005,
    1.8200000000000005,
    1.8400000000000005,
    1.8600000000000005,
    1.8800000000000006,
    1.9000000000000006,
    1.9200000000000006,
    1.9400000000000006,
    1.9600000000000006,
    1.9800000000000006,
    2.000000000000001,
    2.0200000000000005,
    2.040000000000001,
    2.0600000000000005,
    2.080000000000001,
    2.1000000000000005,
    2.120000000000001,
    2.1400000000000006,
    2.160000000000001,
    2.1800000000000006,
    2.200000000000001,
    2.2200000000000006,
    2.240000000000001,
    2.2600000000000007,
    2.280000000000001,
    2.3,
    2.3000000000000007,
    2.5,
    2.7,
    2.9000000000000004,
    3.1000000000000005
  ]
}