alpha,cosine_similarity_mean,cosine_similarity_std,Loss_mean,Loss_std,Steps_mean,cosine_similarity_replica_0,cosine_similarity_replica_1
1.0,-0.03742880467325449,0.04635590221732855,2.2815845012664795,0.1283254623413086,5.0,0.008927097544074059,-0.08378470689058304
1.2,-0.03727934695780277,0.04643244110047817,2.236436128616333,0.059346914291381836,5.0,0.0091530941426754,-0.08371178805828094
