{
  "matrix_configs": [
    [
      100,
      100,
      20
    ],
    [
      150,
      150,
      20
    ]
  ],
  "alpha_range": {
    "start": 0.0,
    "stop": 0.2,
    "step": 0.1
  },
  "max_steps": 100,
  "samples": 1,
  "results": {
    "100x100_M20": {
      "results": {
        "0.0": {
          "Q_W_mean": 0.1758609563112259,
          "Q_W_std": 0.0,
          "Q_X_mean": 0.16541877388954163,
          "Q_X_std": 0.0,
          "Q_W_prime_mean": 0.012665106075809899,
          "Q_W_prime_std": 0.0,
          "Q_X_prime_mean": 0.00015516475875759815,
          "Q_X_prime_std": 0.0,
          "Q_Y_mean": 0.010701279155910015,
          "Q_Y_std": 0.0,
          "Gen_Error_mean": 0.10142342001199722,
          "Gen_Error_std": 0.0
        },
        "0.1": {
          "Q_W_mean": 0.17950981855392456,
          "Q_W_std": 0.0,
          "Q_X_mean": 0.15677060186862946,
          "Q_X_std": 0.0,
          "Q_W_prime_mean": 0.017036515297255545,
          "Q_W_prime_std": 0.0,
          "Q_X_prime_mean": 0.0,
          "Q_X_prime_std": 0.0,
          "Q_Y_mean": 0.04989327862858772,
          "Q_Y_std": 0.0,
          "Gen_Error_mean": 0.1789858490228653,
          "Gen_Error_std": 0.0
        },
        "0.2": {
          "Q_W_mean": 0.16223767399787903,
          "Q_W_std": 0.0,
          "Q_X_mean": 0.1752999871969223,
          "Q_X_std": 0.0,
          "Q_W_prime_mean": 0.0,
          "Q_W_prime_std": 0.0,
          "Q_X_prime_mean": 0.011993053968575711,
          "Q_X_prime_std": 0.0,
          "Q_Y_mean": 0.06273245811462402,
          "Q_Y_std": 0.0,
          "Gen_Error_mean": 0.2524968087673187,
          "Gen_Error_std": 0.0
        }
      },
      "time": 0.6398725509643555,
      "N1": 100,
      "N2": 100,
      "M": 20
    },
    "150x150_M20": {
      "results": {
        "0.0": {
          "Q_W_mean": 0.11982153356075287,
          "Q_W_std": 0.0,
          "Q_X_mean": 0.13126200437545776,
          "Q_X_std": 0.0,
          "Q_W_prime_mean": 0.0032416042310475985,
          "Q_W_prime_std": 0.0,
          "Q_X_prime_mean": 0.016197369193380853,
          "Q_X_prime_std": 0.0,
          "Q_Y_mean": 0.005689401179552078,
          "Q_Y_std": 0.0,
          "Gen_Error_mean": 0.1002492606639862,
          "Gen_Error_std": 0.0
        },
        "0.1": {
          "Q_W_mean": 0.12135084718465805,
          "Q_W_std": 0.0,
          "Q_X_mean": 0.12308667600154877,
          "Q_X_std": 0.0,
          "Q_W_prime_mean": 0.0049734759508323,
          "Q_W_prime_std": 0.0,
          "Q_X_prime_mean": 0.00693921586929572,
          "Q_X_prime_std": 0.0,
          "Q_Y_mean": 0.03812175244092941,
          "Q_Y_std": 0.0,
          "Gen_Error_mean": 0.17978094518184662,
          "Gen_Error_std": 0.0
        },
        "0.2": {
          "Q_W_mean": 0.1286405473947525,
          "Q_W_std": 0.0,
          "Q_X_mean": 0.12506656348705292,
          "Q_X_std": 0.0,
          "Q_W_prime_mean": 0.01322869936755243,
          "Q_W_prime_std": 0.0,
          "Q_X_prime_mean": 0.009181340107844238,
          "Q_X_prime_std": 0.0,
          "Q_Y_mean": 0.051192332059144974,
          "Q_Y_std": 0.0,
          "Gen_Error_mean": 0.25202035903930664,
          "Gen_Error_std": 0.0
        }
      },
      "time": 0.1305546760559082,
      "N1": 150,
      "N2": 150,
      "M": 20
    }
  },
  "total_time": 0.7709958553314209,
  "timestamp": "2025-12-04T19:58:39.209467"
}