alpha,Q_Y_mean,Q_Y_std,Loss_mean,Loss_std,Steps_mean,qy_replica_0,qy_replica_1
1.0,-0.003866712562739849,0.012292078696191311,0.9543840885162354,0.13564157485961914,10.0,-0.01615879125893116,0.008425366133451462
1.5,-0.00378052843734622,0.012294620741158724,1.0265849232673645,0.021077334880828857,10.0,-0.016075149178504944,0.008514092303812504
2.0,-0.0036827237345278263,0.012370215263217688,0.9607701599597931,0.02002057433128357,10.0,-0.016052938997745514,0.008687491528689861
