quantity,mean,std,num_pairs
q_W,3.4647634093e-04,0.0000000000e+00,1
