{
  "metric": "Q_Y",
  "configs": [
    {
      "key": "500x50",
      "N": 500,
      "M": 50,
      "ratio": 10.0
    },
    {
      "key": "1000x50",
      "N": 1000,
      "M": 50,
      "ratio": 20.0
    },
    {
      "key": "1500x50",
      "N": 1500,
      "M": 50,
      "ratio": 30.0
    },
    {
      "key": "2000x50",
      "N": 2000,
      "M": 50,
      "ratio": 40.0
    }
  ],
  "linear_fits": {
    "500x50": {
      "slope": 0.1577394332059405,
      "intercept": 0.014955575323917641,
      "r2": 0.9981055291263499,
      "slope_err": 0.00229073450117872,
      "alpha_start": 0.5,
      "alpha_end": 1.5,
      "transition_alpha": 2.3000000000000003,
      "transition_start": 2.2,
      "transition_end": 2.4000000000000004,
      "max_gradient": 2.1079202368855454
    },
    "1000x50": {
      "slope": 0.08085762692446058,
      "intercept": 0.008239612999287507,
      "r2": 0.9975330229626072,
      "slope_err": 0.0013403513284208982,
      "alpha_start": 0.5,
      "alpha_end": 1.5,
      "transition_alpha": 2.6,
      "transition_start": 2.5,
      "transition_end": 2.7,
      "max_gradient": 2.351659331470725
    },
    "1500x50": {
      "slope": 0.056191493841734795,
      "intercept": 0.0036759500984441043,
      "r2": 0.9965770279008691,
      "slope_err": 0.0010977300846791358,
      "alpha_start": 0.5,
      "alpha_end": 1.5,
      "transition_alpha": 2.7,
      "transition_start": 2.6,
      "transition_end": 2.9000000000000004,
      "max_gradient": 2.5786749459803078
    },
    "2000x50": {
      "slope": 0.04149630991742015,
      "intercept": 0.0038234666836532635,
      "r2": 0.996305807782796,
      "slope_err": 0.0008422705917190844,
      "alpha_start": 0.5,
      "alpha_end": 1.5,
      "transition_alpha": 2.8000000000000003,
      "transition_start": 2.7,
      "transition_end": 2.9000000000000004,
      "max_gradient": 2.6353862757484094
    }
  },
  "slope_vs_ratio": {
    "linear_origin": {
      "a": 1.5964529942266819,
      "R2": 0.9995571626432285,
      "formula": "slope = 1.596453 * (M/N)"
    },
    "linear": {
      "a": 1.5396762235754438,
      "b": 0.0038797459945013046,
      "R2": 0.9997811900579453,
      "formula": "slope = 1.539676 * (M/N) + 0.003880"
    },
    "power_law": {
      "a": 1.4199728915351597,
      "b": 0.9545114591276803,
      "R2": 0.9998279425819657,
      "formula": "slope = 1.419973 * (M/N)^0.9545"
    }
  },
  "best_model": "linear_origin"
}