{
  "0.2": {
    "alpha_tilde_left": 0.2,
    "alpha_tilde_right": 0.2,
    "C": 2000,
    "Q_W_mean": 0.2221704512834549,
    "Q_W_std": 0.006020180509830005,
    "Q_X_mean": 0.22431087493896484,
    "Q_X_std": 0.005982319959702747,
    "Q_W_prime_mean": 0.02868051379174121,
    "Q_W_prime_std": 0.007517737850574351,
    "Q_X_prime_mean": 0.03135338114264831,
    "Q_X_prime_std": 0.007470459253151814,
    "Q_Y_mean": 0.11207383275032043,
    "Q_Y_std": 0.006561881962651682,
    "Gen_Error_mean": 0.10950788706541062,
    "Gen_Error_std": 0.0011759518445926237,
    "m_squared_mean": 0.012594991363584995,
    "m_squared_std": 0.0014834281958577733,
    "Loss_mean": 7.682130455970764,
    "Loss_std": 5.26953650570848,
    "epochs_mean": 800.0,
    "Time_s_mean": 0.0
  },
  "0.4": {
    "alpha_tilde_left": 0.4,
    "alpha_tilde_right": 0.4,
    "C": 4000,
    "Q_W_mean": 0.263240909576416,
    "Q_W_std": 0.0006553826871165638,
    "Q_X_mean": 0.25773687958717345,
    "Q_X_std": 0.002471146797353101,
    "Q_W_prime_mean": 0.07996750399831021,
    "Q_W_prime_std": 0.0008184132062987691,
    "Q_X_prime_mean": 0.07309431232020994,
    "Q_X_prime_std": 0.003085859931019173,
    "Q_Y_mean": 0.18429088294506074,
    "Q_Y_std": 0.0021002193163838067,
    "Gen_Error_mean": 0.19960150718688965,
    "Gen_Error_std": 0.0020878064216467676,
    "m_squared_mean": 0.03396665751934051,
    "m_squared_std": 0.0007687505513441822,
    "Loss_mean": 14.982622623443604,
    "Loss_std": 8.348132456709347,
    "epochs_mean": 800.0,
    "Time_s_mean": 0.0
  },
  "0.6000000000000001": {
    "alpha_tilde_left": 0.6,
    "alpha_tilde_right": 0.6,
    "C": 6000,
    "Q_W_mean": 0.3196332395076752,
    "Q_W_std": 0.010577965420615119,
    "Q_X_mean": 0.3124508798122406,
    "Q_X_std": 0.0033660843060706242,
    "Q_W_prime_mean": 0.15038777669845138,
    "Q_W_prime_std": 0.013209300102343684,
    "Q_X_prime_mean": 0.14141876036237264,
    "Q_X_prime_std": 0.00420341871056056,
    "Q_Y_mean": 0.26060292720794676,
    "Q_Y_std": 0.0069081738094709695,
    "Gen_Error_mean": 0.2829219400882721,
    "Gen_Error_std": 0.0021267306063709602,
    "m_squared_mean": 0.06795206069946289,
    "m_squared_std": 0.0035862218472265694,
    "Loss_mean": 25.71429500579834,
    "Loss_std": 17.19746085926894,
    "epochs_mean": 800.0,
    "Time_s_mean": 0.0
  },
  "0.8": {
    "alpha_tilde_left": 0.8,
    "alpha_tilde_right": 0.8,
    "C": 8000,
    "Q_W_mean": 0.38039844036102294,
    "Q_W_std": 0.005075643072241951,
    "Q_X_mean": 0.3863512873649597,
    "Q_X_std": 0.005513829686779865,
    "Q_W_prime_mean": 0.22626869915701478,
    "Q_W_prime_std": 0.006338240851398695,
    "Q_X_prime_mean": 0.23370235387336438,
    "Q_X_prime_std": 0.006885429111343377,
    "Q_Y_mean": 0.348734986782074,
    "Q_Y_std": 0.005545339360516225,
    "Gen_Error_mean": 0.35703387260437014,
    "Gen_Error_std": 0.0035258223839607973,
    "m_squared_mean": 0.12164070159196853,
    "m_squared_std": 0.0038599928024183,
    "Loss_mean": 11.657946109771729,
    "Loss_std": 11.858540517367109,
    "epochs_mean": 800.0,
    "Time_s_mean": 0.0
  },
  "1.0": {
    "alpha_tilde_left": 1.0,
    "alpha_tilde_right": 1.0,
    "C": 10000,
    "Q_W_mean": 0.44594724774360656,
    "Q_W_std": 0.007000322813692151,
    "Q_X_mean": 0.4460249960422516,
    "Q_X_std": 0.010078976606526513,
    "Q_W_prime_mean": 0.3081231800177508,
    "Q_W_prime_std": 0.008741696647933013,
    "Q_X_prime_mean": 0.30822026868919294,
    "Q_X_prime_std": 0.01258618471758705,
    "Q_Y_mean": 0.42196717858314514,
    "Q_Y_std": 0.008472347695623104,
    "Gen_Error_mean": 0.4180601418018341,
    "Gen_Error_std": 0.0021726004096953725,
    "m_squared_mean": 0.17811373472213746,
    "m_squared_std": 0.007150869016839487,
    "Loss_mean": 2.8824407279491426,
    "Loss_std": 3.1935691208818286,
    "epochs_mean": 800.0,
    "Time_s_mean": 0.0
  },
  "1.2": {
    "alpha_tilde_left": 1.2,
    "alpha_tilde_right": 1.2,
    "C": 12000,
    "Q_W_mean": 0.5146670579910279,
    "Q_W_std": 0.008086776694483135,
    "Q_X_mean": 0.5115706920623779,
    "Q_X_std": 0.007652420431305305,
    "Q_W_prime_mean": 0.39393747042611504,
    "Q_W_prime_std": 0.010098412688123032,
    "Q_X_prime_mean": 0.3900708642167112,
    "Q_X_prime_std": 0.009556007603259847,
    "Q_Y_mean": 0.5038244962692261,
    "Q_Y_std": 0.009841126900827954,
    "Gen_Error_mean": 0.45872374773025515,
    "Gen_Error_std": 0.003696210319684352,
    "m_squared_mean": 0.25391663908958434,
    "m_squared_std": 0.009945020160523212,
    "Loss_mean": 15.480168342590332,
    "Loss_std": 17.227756222326075,
    "epochs_mean": 800.0,
    "Time_s_mean": 0.0
  },
  "1.4000000000000001": {
    "alpha_tilde_left": 1.4,
    "alpha_tilde_right": 1.4,
    "C": 14000,
    "Q_W_mean": 0.5747909307479858,
    "Q_W_std": 0.007238045401014797,
    "Q_X_mean": 0.5781241416931152,
    "Q_X_std": 0.0021110059059867682,
    "Q_W_prime_mean": 0.46901753043595396,
    "Q_W_prime_std": 0.00903855420722611,
    "Q_X_prime_mean": 0.4731798983326028,
    "Q_X_prime_std": 0.00263613175324387,
    "Q_Y_mean": 0.58035888671875,
    "Q_Y_std": 0.004468306442583731,
    "Gen_Error_mean": 0.48775274157524107,
    "Gen_Error_std": 0.004629779511286984,
    "m_squared_mean": 0.33683243989944456,
    "m_squared_std": 0.005186021610960367,
    "Loss_mean": 18.532104206085204,
    "Loss_std": 22.54298161461661,
    "epochs_mean": 800.0,
    "Time_s_mean": 0.0
  },
  "1.6": {
    "alpha_tilde_left": 1.6,
    "alpha_tilde_right": 1.6,
    "C": 16000,
    "Q_W_mean": 0.6392420887947082,
    "Q_W_std": 0.006209768770509751,
    "Q_X_mean": 0.6410003781318665,
    "Q_X_std": 0.008484841325163549,
    "Q_W_prime_mean": 0.5495013148623575,
    "Q_W_prime_std": 0.00775448737012934,
    "Q_X_prime_mean": 0.5516969896067663,
    "Q_X_prime_std": 0.0105954983712109,
    "Q_Y_mean": 0.6529288291931152,
    "Q_Y_std": 0.007656642390549065,
    "Gen_Error_mean": 0.5101078271865844,
    "Gen_Error_std": 0.0034656402472258894,
    "m_squared_mean": 0.4263629615306854,
    "m_squared_std": 0.009981045812494205,
    "Loss_mean": 14.07777805328369,
    "Loss_std": 7.220317796788209,
    "epochs_mean": 800.0,
    "Time_s_mean": 0.0
  },
  "1.8": {
    "alpha_tilde_left": 1.8,
    "alpha_tilde_right": 1.8,
    "C": 18000,
    "Q_W_mean": 0.6979773879051209,
    "Q_W_std": 0.0036435076107069714,
    "Q_X_mean": 0.6944287300109864,
    "Q_X_std": 0.008134195766618203,
    "Q_W_prime_mean": 0.6228473848956667,
    "Q_W_prime_std": 0.004549852787494004,
    "Q_X_prime_mean": 0.6184159762816037,
    "Q_X_prime_std": 0.010157627549346373,
    "Q_Y_mean": 0.7199737429618835,
    "Q_Y_std": 0.005403238619026901,
    "Gen_Error_mean": 0.5267472982406616,
    "Gen_Error_std": 0.0023683209068945904,
    "m_squared_mean": 0.5183855295181274,
    "m_squared_std": 0.007794931806452546,
    "Loss_mean": 19.176317834854125,
    "Loss_std": 18.684503282285323,
    "epochs_mean": 800.0,
    "Time_s_mean": 0.0
  },
  "2.0": {
    "alpha_tilde_left": 2.0,
    "alpha_tilde_right": 2.0,
    "C": 20000,
    "Q_W_mean": 0.7514013051986694,
    "Q_W_std": 0.0037699492245988737,
    "Q_X_mean": 0.7502845764160156,
    "Q_X_std": 0.003603130713362917,
    "Q_W_prime_mean": 0.6895608338541938,
    "Q_W_prime_std": 0.004707747539169821,
    "Q_X_prime_mean": 0.6881663118420258,
    "Q_X_prime_std": 0.0044994318858356365,
    "Q_Y_mean": 0.7820911407470703,
    "Q_Y_std": 0.004256265630830435,
    "Gen_Error_mean": 0.5503528714179993,
    "Gen_Error_std": 0.002386226400296333,
    "m_squared_mean": 0.611681067943573,
    "m_squared_std": 0.006661158804874584,
    "Loss_mean": 24.218685507774353,
    "Loss_std": 24.321539978296148,
    "epochs_mean": 800.0,
    "Time_s_mean": 0.0
  }
}