{
  "0.2": {
    "alpha_tilde_left": 0.2,
    "alpha_tilde_right": 0.2,
    "C": 2000,
    "Q_W_mean": 0.22555968463420867,
    "Q_W_std": 0.0067979343737446,
    "Q_X_mean": 0.22709762752056123,
    "Q_X_std": 0.006294694362377258,
    "Q_W_prime_mean": 0.03291284001581154,
    "Q_W_prime_std": 0.008488962824914249,
    "Q_X_prime_mean": 0.03483335575946331,
    "Q_X_prime_std": 0.007860538731118005,
    "Q_Y_mean": 0.11874730288982391,
    "Q_Y_std": 0.006740868443546558,
    "Gen_Error_mean": 0.15474894344806672,
    "Gen_Error_std": 0.0018813083089006682,
    "m_squared_mean": 0.014137273468077183,
    "m_squared_std": 0.001616730630862967,
    "Loss_mean": 1.400236040353775,
    "Loss_std": 1.2333944051643764,
    "epochs_mean": 1200.0,
    "Time_s_mean": 0.0
  },
  "0.4": {
    "alpha_tilde_left": 0.4,
    "alpha_tilde_right": 0.4,
    "C": 4000,
    "Q_W_mean": 0.26843124628067017,
    "Q_W_std": 0.0012626155462356588,
    "Q_X_mean": 0.2632434666156769,
    "Q_X_std": 0.0034837316688844763,
    "Q_W_prime_mean": 0.08644896923595283,
    "Q_W_prime_std": 0.0015766990154465375,
    "Q_X_prime_mean": 0.0799706971169892,
    "Q_X_prime_std": 0.004350331586512001,
    "Q_Y_mean": 0.189402773976326,
    "Q_Y_std": 0.0018876997343209227,
    "Gen_Error_mean": 0.27191771268844606,
    "Gen_Error_std": 0.0016210383657810138,
    "m_squared_mean": 0.03587626293301582,
    "m_squared_std": 0.0007110558673375318,
    "Loss_mean": 2.255982232093811,
    "Loss_std": 1.4816103608375741,
    "epochs_mean": 1200.0,
    "Time_s_mean": 0.0
  },
  "0.6000000000000001": {
    "alpha_tilde_left": 0.6,
    "alpha_tilde_right": 0.6,
    "C": 6000,
    "Q_W_mean": 0.325837641954422,
    "Q_W_std": 0.011340280626177316,
    "Q_X_mean": 0.3182375907897949,
    "Q_X_std": 0.003634019645105904,
    "Q_W_prime_mean": 0.15813556283840913,
    "Q_W_prime_std": 0.014161245956054488,
    "Q_X_prime_mean": 0.14864495168259312,
    "Q_X_prime_std": 0.004538004631444985,
    "Q_Y_mean": 0.2635970890522003,
    "Q_Y_std": 0.006885679023085721,
    "Gen_Error_mean": 0.3683373391628265,
    "Gen_Error_std": 0.00193900564524872,
    "m_squared_mean": 0.06952135562896729,
    "m_squared_std": 0.003615312398575181,
    "Loss_mean": 6.388415288925171,
    "Loss_std": 4.441803591018772,
    "epochs_mean": 1200.0,
    "Time_s_mean": 0.0
  },
  "0.8": {
    "alpha_tilde_left": 0.8,
    "alpha_tilde_right": 0.8,
    "C": 8000,
    "Q_W_mean": 0.38610526323318484,
    "Q_W_std": 0.0055119647998896175,
    "Q_X_mean": 0.3918532431125641,
    "Q_X_std": 0.0056337451144660615,
    "Q_W_prime_mean": 0.23339512970881,
    "Q_W_prime_std": 0.006883100322241624,
    "Q_X_prime_mean": 0.24057295532931944,
    "Q_X_prime_std": 0.007035174247409027,
    "Q_Y_mean": 0.35061679482460023,
    "Q_Y_std": 0.00539320190962904,
    "Gen_Error_mean": 0.4501504898071289,
    "Gen_Error_std": 0.004490427397478502,
    "m_squared_mean": 0.12295541018247605,
    "m_squared_std": 0.0037735793547485326,
    "Loss_mean": 5.581322604417801,
    "Loss_std": 7.156833073435823,
    "epochs_mean": 1200.0,
    "Time_s_mean": 0.0
  },
  "1.0": {
    "alpha_tilde_left": 1.0,
    "alpha_tilde_right": 1.0,
    "C": 10000,
    "Q_W_mean": 0.45210871696472166,
    "Q_W_std": 0.006149195514160919,
    "Q_X_mean": 0.4516732096672058,
    "Q_X_std": 0.009166649254750683,
    "Q_W_prime_mean": 0.3158173530252034,
    "Q_W_prime_std": 0.007678846139564489,
    "Q_X_prime_mean": 0.3152735105790524,
    "Q_X_prime_std": 0.011446910263380848,
    "Q_Y_mean": 0.42433047890663145,
    "Q_Y_std": 0.007772322096147953,
    "Gen_Error_mean": 0.5199120044708252,
    "Gen_Error_std": 0.004180215507079745,
    "m_squared_mean": 0.18010469079017638,
    "m_squared_std": 0.006592722948802472,
    "Loss_mean": 1.7756631264463067,
    "Loss_std": 2.522585110200861,
    "epochs_mean": 1200.0,
    "Time_s_mean": 0.0
  },
  "1.2": {
    "alpha_tilde_left": 1.2,
    "alpha_tilde_right": 1.2,
    "C": 12000,
    "Q_W_mean": 0.5211899757385254,
    "Q_W_std": 0.008812259535025065,
    "Q_X_mean": 0.518584668636322,
    "Q_X_std": 0.007480264073236135,
    "Q_W_prime_mean": 0.4020830045287013,
    "Q_W_prime_std": 0.011004363896957857,
    "Q_X_prime_mean": 0.39882961108267034,
    "Q_X_prime_std": 0.009341026280497145,
    "Q_Y_mean": 0.5075971007347106,
    "Q_Y_std": 0.010276544777808561,
    "Gen_Error_mean": 0.559060251712799,
    "Gen_Error_std": 0.005832748165884115,
    "m_squared_mean": 0.2577393114566803,
    "m_squared_std": 0.010473328716839422,
    "Loss_mean": 9.993533754348755,
    "Loss_std": 9.14671242358911,
    "epochs_mean": 1200.0,
    "Time_s_mean": 0.0
  },
  "1.4000000000000001": {
    "alpha_tilde_left": 1.4,
    "alpha_tilde_right": 1.4,
    "C": 14000,
    "Q_W_mean": 0.587209963798523,
    "Q_W_std": 0.008483170135493809,
    "Q_X_mean": 0.587925660610199,
    "Q_X_std": 0.0024808313650071935,
    "Q_W_prime_mean": 0.4845258751905853,
    "Q_W_prime_std": 0.010593411462717845,
    "Q_X_prime_mean": 0.4854196060350155,
    "Q_X_prime_std": 0.0030979535951046106,
    "Q_Y_mean": 0.5898983716964722,
    "Q_Y_std": 0.005887666772156264,
    "Gen_Error_mean": 0.583722448348999,
    "Gen_Error_std": 0.004850665691150112,
    "m_squared_mean": 0.34800784587860106,
    "m_squared_std": 0.006953300434570226,
    "Loss_mean": 8.164349368214607,
    "Loss_std": 12.054536571557858,
    "epochs_mean": 1200.0,
    "Time_s_mean": 0.0
  },
  "1.6": {
    "alpha_tilde_left": 1.6,
    "alpha_tilde_right": 1.6,
    "C": 16000,
    "Q_W_mean": 0.6558369278907776,
    "Q_W_std": 0.005469190166041214,
    "Q_X_mean": 0.6572166681289673,
    "Q_X_std": 0.007958892656637904,
    "Q_W_prime_mean": 0.5702242233852839,
    "Q_W_prime_std": 0.006829685232212077,
    "Q_X_prime_mean": 0.5719471825881952,
    "Q_X_prime_std": 0.009938716700565266,
    "Q_Y_mean": 0.6688374996185302,
    "Q_Y_std": 0.007465143716153315,
    "Gen_Error_mean": 0.5990145325660705,
    "Gen_Error_std": 0.005640041737467504,
    "m_squared_mean": 0.447388219833374,
    "m_squared_std": 0.009967404060528512,
    "Loss_mean": 10.69769778251648,
    "Loss_std": 5.87851615577845,
    "epochs_mean": 1200.0,
    "Time_s_mean": 0.0
  },
  "1.8": {
    "alpha_tilde_left": 1.8,
    "alpha_tilde_right": 1.8,
    "C": 18000,
    "Q_W_mean": 0.7204653263092041,
    "Q_W_std": 0.003587120399356285,
    "Q_X_mean": 0.7168590545654296,
    "Q_X_std": 0.008601058046586608,
    "Q_W_prime_mean": 0.6509293378280938,
    "Q_W_prime_std": 0.004479438906653246,
    "Q_X_prime_mean": 0.646425983560998,
    "Q_X_prime_std": 0.01074062472482857,
    "Q_Y_mean": 0.7426631093025208,
    "Q_Y_std": 0.005942491053792402,
    "Gen_Error_mean": 0.6031494140625,
    "Gen_Error_std": 0.004689208195113515,
    "m_squared_mean": 0.5515767574310303,
    "m_squared_std": 0.008831037742338831,
    "Loss_mean": 13.597479391098023,
    "Loss_std": 14.369646980536427,
    "epochs_mean": 1200.0,
    "Time_s_mean": 0.0
  },
  "2.0": {
    "alpha_tilde_left": 2.0,
    "alpha_tilde_right": 2.0,
    "C": 20000,
    "Q_W_mean": 0.7810985207557678,
    "Q_W_std": 0.0039026763063259003,
    "Q_X_mean": 0.7797388195991516,
    "Q_X_std": 0.003382120031575913,
    "Q_W_prime_mean": 0.7266454164652505,
    "Q_W_prime_std": 0.0048734913078934215,
    "Q_X_prime_mean": 0.7249474811900751,
    "Q_X_prime_std": 0.004223443422509909,
    "Q_Y_mean": 0.8134653806686402,
    "Q_Y_std": 0.0042776903232989265,
    "Gen_Error_mean": 0.6173957705497741,
    "Gen_Error_std": 0.0020696758384027344,
    "m_squared_mean": 0.6617406249046326,
    "m_squared_std": 0.006962576181644706,
    "Loss_mean": 11.791622668504715,
    "Loss_std": 17.234765698142436,
    "epochs_mean": 1200.0,
    "Time_s_mean": 0.0
  }
}