{
  "0.2": {
    "alpha_tilde_left": 0.2,
    "alpha_tilde_right": 0.2,
    "C": 2000,
    "Q_W_mean": 0.22654280364513396,
    "Q_W_std": 0.006995281969228442,
    "Q_X_mean": 0.22790888249874114,
    "Q_X_std": 0.006359766768448044,
    "Q_W_prime_mean": 0.034140515994627176,
    "Q_W_prime_std": 0.008735401862060432,
    "Q_X_prime_mean": 0.03584641545858226,
    "Q_X_prime_std": 0.00794179830287794,
    "Q_Y_mean": 0.11976440101861954,
    "Q_Y_std": 0.006687728078084032,
    "Gen_Error_mean": 0.1750424325466156,
    "Gen_Error_std": 0.002178126878557498,
    "m_squared_mean": 0.014379293099045754,
    "m_squared_std": 0.001618160676327556,
    "Loss_mean": 0.2493599036242813,
    "Loss_std": 0.23634957576170257,
    "epochs_mean": 1600.0,
    "Time_s_mean": 0.0
  },
  "0.4": {
    "alpha_tilde_left": 0.4,
    "alpha_tilde_right": 0.4,
    "C": 4000,
    "Q_W_mean": 0.26933297514915466,
    "Q_W_std": 0.001718987957848907,
    "Q_X_mean": 0.2644528985023499,
    "Q_X_std": 0.004275566855197447,
    "Q_W_prime_mean": 0.08757500876823802,
    "Q_W_prime_std": 0.0021465969025847606,
    "Q_X_prime_mean": 0.08148098270681277,
    "Q_X_prime_std": 0.005339140699767259,
    "Q_Y_mean": 0.18903160095214844,
    "Q_Y_std": 0.001798695889293316,
    "Gen_Error_mean": 0.2998122572898865,
    "Gen_Error_std": 0.0011873130669197236,
    "m_squared_mean": 0.035735534876585005,
    "m_squared_std": 0.0006768403405985674,
    "Loss_mean": 0.39495443403720853,
    "Loss_std": 0.14846883675927128,
    "epochs_mean": 1600.0,
    "Time_s_mean": 0.0
  },
  "0.6000000000000001": {
    "alpha_tilde_left": 0.6,
    "alpha_tilde_right": 0.6,
    "C": 6000,
    "Q_W_mean": 0.3260697960853577,
    "Q_W_std": 0.01153818031985289,
    "Q_X_mean": 0.3185532033443451,
    "Q_X_std": 0.0035633470517441377,
    "Q_W_prime_mean": 0.15842546675315927,
    "Q_W_prime_std": 0.014408374429251044,
    "Q_X_prime_mean": 0.14903907482285178,
    "Q_X_prime_std": 0.004449751790978413,
    "Q_Y_mean": 0.2614240825176239,
    "Q_Y_std": 0.006670397384938412,
    "Gen_Error_mean": 0.40337319374084474,
    "Gen_Error_std": 0.002883669800882432,
    "m_squared_mean": 0.06837814897298813,
    "m_squared_std": 0.003474468568147148,
    "Loss_mean": 1.8749887228012085,
    "Loss_std": 1.4816784963105587,
    "epochs_mean": 1600.0,
    "Time_s_mean": 0.0
  },
  "0.8": {
    "alpha_tilde_left": 0.8,
    "alpha_tilde_right": 0.8,
    "C": 8000,
    "Q_W_mean": 0.38558417558670044,
    "Q_W_std": 0.005520885695890398,
    "Q_X_mean": 0.39127877354621887,
    "Q_X_std": 0.005965408742727567,
    "Q_W_prime_mean": 0.23274441826966866,
    "Q_W_prime_std": 0.006894240346600794,
    "Q_X_prime_mean": 0.23985558288577483,
    "Q_X_prime_std": 0.007449341265784825,
    "Q_Y_mean": 0.3471937119960785,
    "Q_Y_std": 0.005451058211126236,
    "Gen_Error_mean": 0.49288055300712585,
    "Gen_Error_std": 0.005713766361294431,
    "m_squared_mean": 0.12056725323200226,
    "m_squared_std": 0.003773437843958311,
    "Loss_mean": 2.6343978281511227,
    "Loss_std": 3.666283680462034,
    "epochs_mean": 1600.0,
    "Time_s_mean": 0.0
  },
  "1.0": {
    "alpha_tilde_left": 1.0,
    "alpha_tilde_right": 1.0,
    "C": 10000,
    "Q_W_mean": 0.45061715841293337,
    "Q_W_std": 0.005821684852146437,
    "Q_X_mean": 0.4502854347229004,
    "Q_X_std": 0.00908720406765919,
    "Q_W_prime_mean": 0.31395476000779843,
    "Q_W_prime_std": 0.00726986516361657,
    "Q_X_prime_mean": 0.31354051798691196,
    "Q_X_prime_std": 0.011347702591938352,
    "Q_Y_mean": 0.419957035779953,
    "Q_Y_std": 0.007653730252815204,
    "Gen_Error_mean": 0.5731078743934631,
    "Gen_Error_std": 0.006109270248289148,
    "m_squared_mean": 0.176410773396492,
    "m_squared_std": 0.006428390440343781,
    "Loss_mean": 0.7354167174547911,
    "Loss_std": 0.9970785343981197,
    "epochs_mean": 1600.0,
    "Time_s_mean": 0.0
  },
  "1.2": {
    "alpha_tilde_left": 1.2,
    "alpha_tilde_right": 1.2,
    "C": 12000,
    "Q_W_mean": 0.5196856737136841,
    "Q_W_std": 0.009504656514856439,
    "Q_X_mean": 0.5172027707099914,
    "Q_X_std": 0.007151437394130002,
    "Q_W_prime_mean": 0.40020449802007096,
    "Q_W_prime_std": 0.011868998931472577,
    "Q_X_prime_mean": 0.39710395745327454,
    "Q_X_prime_std": 0.008930401920021848,
    "Q_Y_mean": 0.503436291217804,
    "Q_Y_std": 0.010729091203105364,
    "Gen_Error_mean": 0.6165129780769348,
    "Gen_Error_std": 0.006821398021330027,
    "m_squared_mean": 0.253540176153183,
    "m_squared_std": 0.010852664692065467,
    "Loss_mean": 4.7705711126327515,
    "Loss_std": 5.6265141659029245,
    "epochs_mean": 1600.0,
    "Time_s_mean": 0.0
  },
  "1.4000000000000001": {
    "alpha_tilde_left": 1.4,
    "alpha_tilde_right": 1.4,
    "C": 14000,
    "Q_W_mean": 0.5882256627082825,
    "Q_W_std": 0.009065329619585028,
    "Q_X_mean": 0.5879039883613586,
    "Q_X_std": 0.0032339535659392103,
    "Q_W_prime_mean": 0.48579423552068146,
    "Q_W_prime_std": 0.011320386738870671,
    "Q_X_prime_mean": 0.48539254267949844,
    "Q_X_prime_std": 0.004038419627113066,
    "Q_Y_mean": 0.5885278582572937,
    "Q_Y_std": 0.006732972983652425,
    "Gen_Error_mean": 0.6412910223007202,
    "Gen_Error_std": 0.005083179282178365,
    "m_squared_mean": 0.34640132188796996,
    "m_squared_std": 0.007942047477542617,
    "Loss_mean": 4.30115719884634,
    "Loss_std": 6.580502151713053,
    "epochs_mean": 1600.0,
    "Time_s_mean": 0.0
  },
  "1.6": {
    "alpha_tilde_left": 1.6,
    "alpha_tilde_right": 1.6,
    "C": 16000,
    "Q_W_mean": 0.6601042509078979,
    "Q_W_std": 0.005119734278333729,
    "Q_X_mean": 0.6612970232963562,
    "Q_X_std": 0.008228672690535534,
    "Q_W_prime_mean": 0.5755530695409847,
    "Q_W_prime_std": 0.006393300019204803,
    "Q_X_prime_mean": 0.5770425514788089,
    "Q_X_prime_std": 0.01027560619563104,
    "Q_Y_mean": 0.6720564484596252,
    "Q_Y_std": 0.007557158110191955,
    "Gen_Error_mean": 0.6528487920761108,
    "Gen_Error_std": 0.0066419771959562645,
    "m_squared_mean": 0.45170559287071227,
    "m_squared_std": 0.010141758324945295,
    "Loss_mean": 6.386547708511353,
    "Loss_std": 5.380573025421935,
    "epochs_mean": 1600.0,
    "Time_s_mean": 0.0
  },
  "1.8": {
    "alpha_tilde_left": 1.8,
    "alpha_tilde_right": 1.8,
    "C": 18000,
    "Q_W_mean": 0.7297033548355103,
    "Q_W_std": 0.0041221681378845075,
    "Q_X_mean": 0.7263247489929199,
    "Q_X_std": 0.009158437704203382,
    "Q_W_prime_mean": 0.6624653834007302,
    "Q_W_prime_std": 0.005147583097550844,
    "Q_X_prime_mean": 0.6582463283435704,
    "Q_X_prime_std": 0.011436656038568034,
    "Q_Y_mean": 0.751824951171875,
    "Q_Y_std": 0.0067448935757587055,
    "Gen_Error_mean": 0.6485893130302429,
    "Gen_Error_std": 0.005976071560392913,
    "m_squared_mean": 0.5652771711349487,
    "m_squared_std": 0.010141261349731383,
    "Loss_mean": 11.650117000937461,
    "Loss_std": 10.317280794102123,
    "epochs_mean": 1600.0,
    "Time_s_mean": 0.0
  },
  "2.0": {
    "alpha_tilde_left": 2.0,
    "alpha_tilde_right": 2.0,
    "C": 20000,
    "Q_W_mean": 0.7968121767044067,
    "Q_W_std": 0.004375294508588703,
    "Q_X_mean": 0.7954445242881775,
    "Q_X_std": 0.0038700868833468683,
    "Q_W_prime_mean": 0.7462679420528298,
    "Q_W_prime_std": 0.0054636762271362835,
    "Q_X_prime_mean": 0.7445600775927645,
    "Q_X_prime_std": 0.004832795063277902,
    "Q_Y_mean": 0.8301878213882447,
    "Q_Y_std": 0.004735080856588437,
    "Gen_Error_mean": 0.653374457359314,
    "Gen_Error_std": 0.002280042692831171,
    "m_squared_mean": 0.6892297625541687,
    "m_squared_std": 0.00786688441896911,
    "Loss_mean": 7.75674051407259,
    "Loss_std": 12.289799609390537,
    "epochs_mean": 1600.0,
    "Time_s_mean": 0.0
  }
}