{
  "0.2": {
    "alpha_tilde_left": 0.2,
    "alpha_tilde_right": 0.2,
    "C": 2000,
    "Q_W_mean": 0.21115534901618957,
    "Q_W_std": 0.004215098447752413,
    "Q_X_mean": 0.21521620452404022,
    "Q_X_std": 0.004943330999355254,
    "Q_W_prime_mean": 0.014925336333631046,
    "Q_W_prime_std": 0.0052636303999230565,
    "Q_X_prime_mean": 0.01999635490312975,
    "Q_X_prime_std": 0.006173015327545371,
    "Q_Y_mean": 0.08313433080911636,
    "Q_Y_std": 0.005663205429809749,
    "Gen_Error_mean": 0.05473422557115555,
    "Gen_Error_std": 0.00035284539638977665,
    "m_squared_mean": 0.006936975102871656,
    "m_squared_std": 0.0009481765933484554,
    "Loss_mean": 27.55213794708252,
    "Loss_std": 10.122229354321936,
    "epochs_mean": 400.0,
    "Time_s_mean": 0.0
  },
  "0.4": {
    "alpha_tilde_left": 0.4,
    "alpha_tilde_right": 0.4,
    "C": 4000,
    "Q_W_mean": 0.23864858746528625,
    "Q_W_std": 0.0004696091090120791,
    "Q_X_mean": 0.23505901098251342,
    "Q_X_std": 0.0028289305406807353,
    "Q_W_prime_mean": 0.0492576888247487,
    "Q_W_prime_std": 0.0005864272953327602,
    "Q_X_prime_mean": 0.0447751828686549,
    "Q_X_prime_std": 0.0035326446055222783,
    "Q_Y_mean": 0.14570092558860778,
    "Q_Y_std": 0.002622721219892886,
    "Gen_Error_mean": 0.07532300800085068,
    "Gen_Error_std": 0.0014246662365233799,
    "m_squared_mean": 0.021234263107180594,
    "m_squared_std": 0.0007575442014133913,
    "Loss_mean": 74.45412139892578,
    "Loss_std": 19.476972631392687,
    "epochs_mean": 400.0,
    "Time_s_mean": 0.0
  },
  "0.6000000000000001": {
    "alpha_tilde_left": 0.6,
    "alpha_tilde_right": 0.6,
    "C": 6000,
    "Q_W_mean": 0.28156809210777284,
    "Q_W_std": 0.0090352055651977,
    "Q_X_mean": 0.2762024402618408,
    "Q_X_std": 0.0027600920718559557,
    "Q_W_prime_mean": 0.10285368715932919,
    "Q_W_prime_std": 0.011282769138615877,
    "Q_X_prime_mean": 0.09615329604824834,
    "Q_X_prime_std": 0.0034466821394775146,
    "Q_Y_mean": 0.21582877337932588,
    "Q_Y_std": 0.006123500254410905,
    "Gen_Error_mean": 0.099809630215168,
    "Gen_Error_std": 0.002592863482436076,
    "m_squared_mean": 0.046612060815095904,
    "m_squared_std": 0.002642924670084366,
    "Loss_mean": 120.14893798828125,
    "Loss_std": 35.57653959415776,
    "epochs_mean": 400.0,
    "Time_s_mean": 0.0
  },
  "0.8": {
    "alpha_tilde_left": 0.8,
    "alpha_tilde_right": 0.8,
    "C": 8000,
    "Q_W_mean": 0.3309792041778564,
    "Q_W_std": 0.003297418169237866,
    "Q_X_mean": 0.3355814337730408,
    "Q_X_std": 0.004503304367812307,
    "Q_W_prime_mean": 0.16455612063980432,
    "Q_W_prime_std": 0.004117671445162538,
    "Q_X_prime_mean": 0.1703031834676144,
    "Q_X_prime_std": 0.005623529334922772,
    "Q_Y_mean": 0.29336394667625426,
    "Q_Y_std": 0.005478835465146517,
    "Gen_Error_mean": 0.13124144971370696,
    "Gen_Error_std": 0.0028598296690633502,
    "m_squared_mean": 0.08608642220497131,
    "m_squared_std": 0.0032116139037588775,
    "Loss_mean": 70.68112449645996,
    "Loss_std": 65.59951815408081,
    "epochs_mean": 400.0,
    "Time_s_mean": 0.0
  },
  "1.0": {
    "alpha_tilde_left": 1.0,
    "alpha_tilde_right": 1.0,
    "C": 10000,
    "Q_W_mean": 0.3857371747493744,
    "Q_W_std": 0.008083615245539544,
    "Q_X_mean": 0.3883892118930817,
    "Q_X_std": 0.013551091331019864,
    "Q_W_prime_mean": 0.2329354769255448,
    "Q_W_prime_std": 0.010094464809093992,
    "Q_X_prime_mean": 0.2362472248015135,
    "Q_X_prime_std": 0.01692200957254597,
    "Q_Y_mean": 0.3598580062389374,
    "Q_Y_std": 0.010752253109114996,
    "Gen_Error_mean": 0.16422565877437592,
    "Gen_Error_std": 0.0024354792897834554,
    "m_squared_mean": 0.12959027290344238,
    "m_squared_std": 0.007775267323133643,
    "Loss_mean": 6.192047058884055,
    "Loss_std": 12.904045889208906,
    "epochs_mean": 400.0,
    "Time_s_mean": 0.0
  },
  "1.2": {
    "alpha_tilde_left": 1.2,
    "alpha_tilde_right": 1.2,
    "C": 12000,
    "Q_W_mean": 0.45074204802513124,
    "Q_W_std": 0.010064193649042192,
    "Q_X_mean": 0.4469066262245178,
    "Q_X_std": 0.007853196879412324,
    "Q_W_prime_mean": 0.31411071668770696,
    "Q_W_prime_std": 0.012567724407494704,
    "Q_X_prime_mean": 0.30932120986207134,
    "Q_X_prime_std": 0.009806728441442961,
    "Q_Y_mean": 0.43685699701309205,
    "Q_Y_std": 0.011909364180599638,
    "Gen_Error_mean": 0.20160820782184602,
    "Gen_Error_std": 0.0044514893522731025,
    "m_squared_mean": 0.1909575045108795,
    "m_squared_std": 0.010470014025184448,
    "Loss_mean": 60.91401672363281,
    "Loss_std": 32.47441749429412,
    "epochs_mean": 400.0,
    "Time_s_mean": 0.0
  },
  "1.4000000000000001": {
    "alpha_tilde_left": 1.4,
    "alpha_tilde_right": 1.4,
    "C": 14000,
    "Q_W_mean": 0.49700762033462526,
    "Q_W_std": 0.005398821791096852,
    "Q_X_mean": 0.5059225618839264,
    "Q_X_std": 0.005482101921592475,
    "Q_W_prime_mean": 0.3718851378303364,
    "Q_W_prime_std": 0.00674181228638615,
    "Q_X_prime_mean": 0.38301772653119104,
    "Q_X_prime_std": 0.006845808867253702,
    "Q_Y_mean": 0.5019269347190857,
    "Q_Y_std": 0.0033170260956695286,
    "Gen_Error_mean": 0.23333835005760192,
    "Gen_Error_std": 0.0027172910139629477,
    "m_squared_mean": 0.251939469575882,
    "m_squared_std": 0.0033434966795672484,
    "Loss_mean": 51.636749148368835,
    "Loss_std": 55.74404747385187,
    "epochs_mean": 400.0,
    "Time_s_mean": 0.0
  },
  "1.6": {
    "alpha_tilde_left": 1.6,
    "alpha_tilde_right": 1.6,
    "C": 16000,
    "Q_W_mean": 0.5569414615631103,
    "Q_W_std": 0.008873311391911514,
    "Q_X_mean": 0.5594072580337525,
    "Q_X_std": 0.008701214454115478,
    "Q_W_prime_mean": 0.4467278947872068,
    "Q_W_prime_std": 0.01108060278292043,
    "Q_X_prime_mean": 0.44980707346447246,
    "Q_X_prime_std": 0.010865695661593325,
    "Q_Y_mean": 0.5672174572944642,
    "Q_Y_std": 0.007364370851116051,
    "Gen_Error_mean": 0.26784819960594175,
    "Gen_Error_std": 0.0028208269142106866,
    "m_squared_mean": 0.32177903652191164,
    "m_squared_std": 0.00834029852347512,
    "Loss_mean": 12.165870857238769,
    "Loss_std": 13.901114886225571,
    "epochs_mean": 400.0,
    "Time_s_mean": 0.0
  },
  "1.8": {
    "alpha_tilde_left": 1.8,
    "alpha_tilde_right": 1.8,
    "C": 18000,
    "Q_W_mean": 0.6096674203872681,
    "Q_W_std": 0.0034369776343910713,
    "Q_X_mean": 0.6082026720046997,
    "Q_X_std": 0.008075346923512344,
    "Q_W_prime_mean": 0.5125697637665455,
    "Q_W_prime_std": 0.00429194719517954,
    "Q_X_prime_mean": 0.5107406501146838,
    "Q_X_prime_std": 0.010084139690542657,
    "Q_Y_mean": 0.6288480639457703,
    "Q_Y_std": 0.004589488308672276,
    "Gen_Error_mean": 0.3018642067909241,
    "Gen_Error_std": 0.0016973583912607605,
    "m_squared_mean": 0.3954667508602142,
    "m_squared_std": 0.0057868242748984,
    "Loss_mean": 20.51746759414673,
    "Loss_std": 13.703693807566072,
    "epochs_mean": 400.0,
    "Time_s_mean": 0.0
  },
  "2.0": {
    "alpha_tilde_left": 2.0,
    "alpha_tilde_right": 2.0,
    "C": 20000,
    "Q_W_mean": 0.6569290876388549,
    "Q_W_std": 0.003746475849376144,
    "Q_X_mean": 0.6559422612190247,
    "Q_X_std": 0.004989571451140436,
    "Q_W_prime_mean": 0.571588064662732,
    "Q_W_prime_std": 0.004678435015881778,
    "Q_X_prime_mean": 0.5703557590339903,
    "Q_X_prime_std": 0.006230758379277041,
    "Q_Y_mean": 0.6820433139801025,
    "Q_Y_std": 0.005080195721909947,
    "Gen_Error_mean": 0.33274915218353274,
    "Gen_Error_std": 0.003590076366243017,
    "m_squared_mean": 0.46520376205444336,
    "m_squared_std": 0.006941961093548824,
    "Loss_mean": 89.32061868011951,
    "Loss_std": 97.26244042525077,
    "epochs_mean": 400.0,
    "Time_s_mean": 0.0
  }
}