{
  "0.2": {
    "alpha_tilde_left": 0.2,
    "alpha_tilde_right": 0.2,
    "C": 2000,
    "Q_W_mean": 0.20188453495502473,
    "Q_W_std": 0.0032758896876648944,
    "Q_X_mean": 0.20701704919338226,
    "Q_X_std": 0.004398258364448659,
    "Q_W_prime_mean": 0.0038651421147151256,
    "Q_W_prime_std": 0.0032257526029154265,
    "Q_X_prime_mean": 0.009757608694211451,
    "Q_X_prime_std": 0.005492352484951418,
    "Q_Y_mean": 0.05010251551866531,
    "Q_Y_std": 0.004843202164712822,
    "Gen_Error_mean": 0.041476983577013016,
    "Gen_Error_std": 0.00024959436755403626,
    "m_squared_mean": 0.002529027545824647,
    "m_squared_std": 0.0004894064071590798,
    "Loss_mean": 40.34241485595703,
    "Loss_std": 9.421002311352675,
    "epochs_mean": 200.0,
    "Time_s_mean": 0.0
  },
  "0.4": {
    "alpha_tilde_left": 0.4,
    "alpha_tilde_right": 0.4,
    "C": 4000,
    "Q_W_mean": 0.21315643191337585,
    "Q_W_std": 0.0009278127042413128,
    "Q_X_mean": 0.2117830604314804,
    "Q_X_std": 0.0042381110011373855,
    "Q_W_prime_mean": 0.01742420104603467,
    "Q_W_prime_std": 0.001158611884399397,
    "Q_X_prime_mean": 0.01570919486715245,
    "Q_X_prime_std": 0.0052923674690754,
    "Q_Y_mean": 0.0895673081278801,
    "Q_Y_std": 0.0027452818786041114,
    "Gen_Error_mean": 0.04378907904028893,
    "Gen_Error_std": 0.0008668680471034249,
    "m_squared_mean": 0.008028332889080048,
    "m_squared_std": 0.0004853286502579235,
    "Loss_mean": 123.97403564453126,
    "Loss_std": 20.96127594849104,
    "epochs_mean": 200.0,
    "Time_s_mean": 0.0
  },
  "0.6000000000000001": {
    "alpha_tilde_left": 0.6,
    "alpha_tilde_right": 0.6,
    "C": 6000,
    "Q_W_mean": 0.23594970703125,
    "Q_W_std": 0.007212092738599885,
    "Q_X_mean": 0.23085111677646636,
    "Q_X_std": 0.0024735141064316526,
    "Q_W_prime_mean": 0.04588744509866784,
    "Q_W_prime_std": 0.009006145658638363,
    "Q_X_prime_mean": 0.03952054881036389,
    "Q_X_prime_std": 0.003088816122953081,
    "Q_Y_mean": 0.14085733294487,
    "Q_Y_std": 0.00505287555362097,
    "Gen_Error_mean": 0.04563493654131889,
    "Gen_Error_std": 0.0010326214183892014,
    "m_squared_mean": 0.019861213862895966,
    "m_squared_std": 0.0014343787365731406,
    "Loss_mean": 212.67473754882812,
    "Loss_std": 18.283114319137674,
    "epochs_mean": 200.0,
    "Time_s_mean": 0.0
  },
  "0.8": {
    "alpha_tilde_left": 0.8,
    "alpha_tilde_right": 0.8,
    "C": 8000,
    "Q_W_mean": 0.25723275542259216,
    "Q_W_std": 0.003594688771029379,
    "Q_X_mean": 0.2590873420238495,
    "Q_X_std": 0.0028659706479841956,
    "Q_W_prime_mean": 0.07246478413458929,
    "Q_W_prime_std": 0.004488889957847001,
    "Q_X_prime_mean": 0.07478071068640525,
    "Q_X_prime_std": 0.003578898669866342,
    "Q_Y_mean": 0.18962588906288147,
    "Q_Y_std": 0.005216281663711444,
    "Gen_Error_mean": 0.04856199026107788,
    "Gen_Error_std": 0.0006766746337781043,
    "m_squared_mean": 0.03597974702715874,
    "m_squared_std": 0.0019791214106928043,
    "Loss_mean": 186.28554992675782,
    "Loss_std": 91.53315522725289,
    "epochs_mean": 200.0,
    "Time_s_mean": 0.0
  },
  "1.0": {
    "alpha_tilde_left": 1.0,
    "alpha_tilde_right": 1.0,
    "C": 10000,
    "Q_W_mean": 0.28728134632110597,
    "Q_W_std": 0.009100750460795589,
    "Q_X_mean": 0.28993685245513917,
    "Q_X_std": 0.015502127517006055,
    "Q_W_prime_mean": 0.10998814888840794,
    "Q_W_prime_std": 0.011364618734611146,
    "Q_X_prime_mean": 0.11330422868761938,
    "Q_X_prime_std": 0.019358378143102796,
    "Q_Y_mean": 0.2365965187549591,
    "Q_Y_std": 0.012473375697329332,
    "Gen_Error_mean": 0.050882405042648314,
    "Gen_Error_std": 0.0005807070135024483,
    "m_squared_mean": 0.05610238537192345,
    "m_squared_std": 0.0059537353350904085,
    "Loss_mean": 5.477040758728981,
    "Loss_std": 10.210237636995027,
    "epochs_mean": 200.0,
    "Time_s_mean": 0.0
  },
  "1.2": {
    "alpha_tilde_left": 1.2,
    "alpha_tilde_right": 1.2,
    "C": 12000,
    "Q_W_mean": 0.32965078949928284,
    "Q_W_std": 0.011901877368186924,
    "Q_X_mean": 0.32655276656150817,
    "Q_X_std": 0.009893928274044787,
    "Q_W_prime_mean": 0.16289725454865228,
    "Q_W_prime_std": 0.014862543380155172,
    "Q_X_prime_mean": 0.1590285791387992,
    "Q_X_prime_std": 0.012355104461602689,
    "Q_Y_mean": 0.2942704200744629,
    "Q_Y_std": 0.01452454303176051,
    "Gen_Error_mean": 0.05454416573047638,
    "Gen_Error_std": 0.0009347069844658828,
    "m_squared_mean": 0.0867638498544693,
    "m_squared_std": 0.008639641724296397,
    "Loss_mean": 270.24928283691406,
    "Loss_std": 68.12874523141777,
    "epochs_mean": 200.0,
    "Time_s_mean": 0.0
  },
  "1.4000000000000001": {
    "alpha_tilde_left": 1.4,
    "alpha_tilde_right": 1.4,
    "C": 14000,
    "Q_W_mean": 0.3562803864479065,
    "Q_W_std": 0.0026945921402818564,
    "Q_X_mean": 0.3618615448474884,
    "Q_X_std": 0.007170087154697899,
    "Q_W_prime_mean": 0.19615112934515075,
    "Q_W_prime_std": 0.0033648886925865752,
    "Q_X_prime_mean": 0.20312063560531649,
    "Q_X_prime_std": 0.00895369092451207,
    "Q_Y_mean": 0.33986416459083557,
    "Q_Y_std": 0.003794486779802989,
    "Gen_Error_mean": 0.05762190744280815,
    "Gen_Error_std": 0.0009945327591142604,
    "m_squared_mean": 0.11551917344331741,
    "m_squared_std": 0.0025684496480268696,
    "Loss_mean": 39.90581937432289,
    "Loss_std": 50.31877990401676,
    "epochs_mean": 200.0,
    "Time_s_mean": 0.0
  },
  "1.6": {
    "alpha_tilde_left": 1.6,
    "alpha_tilde_right": 1.6,
    "C": 16000,
    "Q_W_mean": 0.39828715324401853,
    "Q_W_std": 0.008121324629318303,
    "Q_X_mean": 0.39927747249603274,
    "Q_X_std": 0.008509049244240435,
    "Q_W_prime_mean": 0.24860734061784212,
    "Q_W_prime_std": 0.010141554636598748,
    "Q_X_prime_mean": 0.24984400794249506,
    "Q_X_prime_std": 0.010625728160704888,
    "Q_Y_mean": 0.390178906917572,
    "Q_Y_std": 0.004132086837144479,
    "Gen_Error_mean": 0.06094316467642784,
    "Gen_Error_std": 0.0018259039323544628,
    "m_squared_mean": 0.15225324928760528,
    "m_squared_std": 0.0032454507023164264,
    "Loss_mean": 62.15339317321777,
    "Loss_std": 26.503651803443034,
    "epochs_mean": 200.0,
    "Time_s_mean": 0.0
  },
  "1.8": {
    "alpha_tilde_left": 1.8,
    "alpha_tilde_right": 1.8,
    "C": 18000,
    "Q_W_mean": 0.4427875876426697,
    "Q_W_std": 0.0035625176288237126,
    "Q_X_mean": 0.44127177596092226,
    "Q_X_std": 0.008771282575545759,
    "Q_W_prime_mean": 0.3041775348170833,
    "Q_W_prime_std": 0.0044487160439484336,
    "Q_X_prime_mean": 0.30228465555281403,
    "Q_X_prime_std": 0.010953193663976294,
    "Q_Y_mean": 0.44569268822669983,
    "Q_Y_std": 0.00422814402358476,
    "Gen_Error_mean": 0.06764998733997345,
    "Gen_Error_std": 0.001361587640130635,
    "m_squared_mean": 0.19865627586841583,
    "m_squared_std": 0.0037645367477840944,
    "Loss_mean": 129.06534118652343,
    "Loss_std": 69.64162380734568,
    "epochs_mean": 200.0,
    "Time_s_mean": 0.0
  },
  "2.0": {
    "alpha_tilde_left": 2.0,
    "alpha_tilde_right": 2.0,
    "C": 20000,
    "Q_W_mean": 0.47957557439804077,
    "Q_W_std": 0.006203518003697546,
    "Q_X_mean": 0.4777516186237335,
    "Q_X_std": 0.0055085241472144246,
    "Q_W_prime_mean": 0.3501167620588078,
    "Q_W_prime_std": 0.007746681686199693,
    "Q_X_prime_mean": 0.3478390859426359,
    "Q_X_prime_std": 0.006878803785816387,
    "Q_Y_mean": 0.4896015703678131,
    "Q_Y_std": 0.006115762679342159,
    "Gen_Error_mean": 0.07324943840503692,
    "Gen_Error_std": 0.0013897117154936215,
    "m_squared_mean": 0.23973961770534516,
    "m_squared_std": 0.006001413478678944,
    "Loss_mean": 210.27896575927736,
    "Loss_std": 124.35948470100001,
    "epochs_mean": 200.0,
    "Time_s_mean": 0.0
  }
}