{
  "metric": "Q_Y",
  "configs": [
    {
      "key": "1000x100",
      "N": 1000,
      "M": 100,
      "ratio": 10.0
    },
    {
      "key": "2000x100",
      "N": 2000,
      "M": 100,
      "ratio": 20.0
    },
    {
      "key": "3000x100",
      "N": 3000,
      "M": 100,
      "ratio": 30.0
    },
    {
      "key": "4000x100",
      "N": 4000,
      "M": 100,
      "ratio": 40.0
    }
  ],
  "linear_fits": {
    "1000x100": {
      "slope": 0.16886296442576812,
      "intercept": 0.009667947001400473,
      "r2": 0.9982463263787585,
      "slope_err": 0.0035388319356542525,
      "alpha_start": 1,
      "alpha_end": 1.5,
      "transition_alpha": 2.3000000000000003,
      "transition_start": 2.2,
      "transition_end": 2.4000000000000004,
      "max_gradient": 2.0404942830403616
    },
    "2000x100": {
      "slope": 0.08905334983553204,
      "intercept": 0.002487694046327052,
      "r2": 0.9982420145145581,
      "slope_err": 0.0018685726379458598,
      "alpha_start": 1,
      "alpha_end": 1.5,
      "transition_alpha": 2.6,
      "transition_start": 2.5,
      "transition_end": 2.7,
      "max_gradient": 2.295874543488024
    },
    "3000x100": {
      "slope": 0.0581768365310771,
      "intercept": 0.0037687488698533583,
      "r2": 0.9969197865334599,
      "slope_err": 0.001616889743143027,
      "alpha_start": 1,
      "alpha_end": 1.5,
      "transition_alpha": 2.7,
      "transition_start": 2.6,
      "transition_end": 2.9000000000000004,
      "max_gradient": 2.528157761941351
    },
    "4000x100": {
      "slope": 0.04822465644351074,
      "intercept": -0.0023759610152670474,
      "r2": 0.9989812671791016,
      "slope_err": 0.0007699998199064492,
      "alpha_start": 1,
      "alpha_end": 1.5,
      "transition_alpha": 2.8000000000000003,
      "transition_start": 2.7,
      "transition_end": 2.9000000000000004,
      "max_gradient": 2.6031809672713253
    }
  },
  "slope_vs_ratio": {
    "linear_origin": {
      "a": 1.719838236630585,
      "R2": 0.9988809941222302,
      "formula": "slope = 1.719838 * (M/N)"
    },
    "linear": {
      "a": 1.6272509350226467,
      "b": 0.006326798943209144,
      "R2": 0.9989863128858156,
      "formula": "slope = 1.627251 * (M/N) + 0.006327"
    },
    "power_law": {
      "a": 1.4470229906458623,
      "b": 0.9329861972791537,
      "R2": 0.9989091223596589,
      "formula": "slope = 1.447023 * (M/N)^0.9330"
    },
    "quadratic": {
      "a": -0.3740405491947491,
      "b": 1.6754446211688943,
      "c": 0.005147931827691528,
      "R2": 0.999001998339013,
      "formula": "slope = -0.3740\u00d7(M/N)\u00b2 + 1.6754\u00d7(M/N) + 0.0051"
    },
    "quadratic_origin": {
      "a": -1.8502397124210017,
      "b": 1.8728966843857375,
      "R2": 0.9997300141331471,
      "formula": "slope = -1.8502\u00d7(M/N)\u00b2 + 1.8729\u00d7(M/N)"
    },
    "sqrt_origin": {
      "a": 0.4394816094725968,
      "R2": 0.9545251057422285,
      "formula": "slope = 0.4395\u00d7\u221a(M/N)"
    }
  },
  "best_model": "linear_origin"
}