replica,seed,runtime_sec,final_loss,estimated_convergence_step,cosine_similarity
1,100,187.3321,1.7102254927e-01,1677,4.6659219265e-01
2,101,190.4912,1.7018212378e-01,1373,4.6723014116e-01
3,102,189.9084,1.7053699493e-01,1280,4.6582445502e-01
