{
  "config": {
    "matrix": {
      "N1": 100,
      "N2": 100,
      "M": 25
    },
    "alpha": {
      "start": 0.0,
      "stop": 2.0,
      "step": 0.5
    },
    "training": {
      "max_steps": 100,
      "samples_per_alpha": 1,
      "seed": 42,
      "resample_mask": true
    },
    "algorithm": {
      "damping": 0.5,
      "noise_var": 1e-10,
      "learning_rate": 0.01,
      "early_stop": false,
      "convergence_threshold": 1e-06
    },
    "algorithm_key": "bigamp",
    "graph_key": "random",
    "teacher_key": "standard"
  },
  "variance_scales": [
    0.5,
    1.0,
    2.0
  ],
  "results": {
    "0.5": {
      "0.0": {
        "Q_W_mean": 0.19222033023834229,
        "Q_W_std": 0.0,
        "Q_X_mean": 0.19985118508338928,
        "Q_X_std": 0.0,
        "Q_W_prime_mean": 0.0,
        "Q_W_prime_std": 0.0,
        "Q_X_prime_mean": 0.0017945477277903448,
        "Q_X_prime_std": 0.0,
        "Q_Y_mean": 0.0031570757273584604,
        "Q_Y_std": 0.0,
        "Gen_Error_mean": 0.04334225878119469,
        "Gen_Error_std": 0.0
      },
      "0.5": {
        "Q_W_mean": 0.25860217213630676,
        "Q_W_std": 0.0,
        "Q_X_mean": 0.23733262717723846,
        "Q_X_std": 0.0,
        "Q_W_prime_mean": 0.07508785830856626,
        "Q_W_prime_std": 0.0,
        "Q_X_prime_mean": 0.04855357449827653,
        "Q_X_prime_std": 0.0,
        "Q_Y_mean": 0.1421656310558319,
        "Q_Y_std": 0.0,
        "Gen_Error_mean": 0.05716308578848839,
        "Gen_Error_std": 0.0
      },
      "1.0": {
        "Q_W_mean": 0.3133068382740021,
        "Q_W_std": 0.0,
        "Q_X_mean": 0.3363906443119049,
        "Q_X_std": 0.0,
        "Q_W_prime_mean": 0.1433332833911505,
        "Q_W_prime_std": 0.0,
        "Q_X_prime_mean": 0.17213090280473595,
        "Q_X_prime_std": 0.0,
        "Q_Y_mean": 0.27241194248199463,
        "Q_Y_std": 0.0,
        "Gen_Error_mean": 0.07089000195264816,
        "Gen_Error_std": 0.0
      },
      "1.5": {
        "Q_W_mean": 0.47398650646209717,
        "Q_W_std": 0.0,
        "Q_X_mean": 0.488363116979599,
        "Q_X_std": 0.0,
        "Q_W_prime_mean": 0.3437851466750587,
        "Q_W_prime_std": 0.0,
        "Q_X_prime_mean": 0.36172032415231586,
        "Q_X_prime_std": 0.0,
        "Q_Y_mean": 0.45833754539489746,
        "Q_Y_std": 0.0,
        "Gen_Error_mean": 0.08312220126390457,
        "Gen_Error_std": 0.0
      },
      "2.0": {
        "Q_W_mean": 0.7024250626564026,
        "Q_W_std": 0.0,
        "Q_X_mean": 0.6597456932067871,
        "Q_X_std": 0.0,
        "Q_W_prime_mean": 0.6287678999468069,
        "Q_W_prime_std": 0.0,
        "Q_X_prime_mean": 0.5755243301384422,
        "Q_X_prime_std": 0.0,
        "Q_Y_mean": 0.7163328528404236,
        "Q_Y_std": 0.0,
        "Gen_Error_mean": 0.06671640276908875,
        "Gen_Error_std": 0.0
      }
    },
    "1.0": {
      "0.0": {
        "Q_W_mean": 0.19222033023834229,
        "Q_W_std": 0.0,
        "Q_X_mean": 0.19985118508338928,
        "Q_X_std": 0.0,
        "Q_W_prime_mean": 0.0,
        "Q_W_prime_std": 0.0,
        "Q_X_prime_mean": 0.0017945477277903448,
        "Q_X_prime_std": 0.0,
        "Q_Y_mean": 0.0031570757273584604,
        "Q_Y_std": 0.0,
        "Gen_Error_mean": 0.08229219913482666,
        "Gen_Error_std": 0.0
      },
      "0.5": {
        "Q_W_mean": 0.30506885051727295,
        "Q_W_std": 0.0,
        "Q_X_mean": 0.28401127457618713,
        "Q_X_std": 0.0,
        "Q_W_prime_mean": 0.13305618975405573,
        "Q_W_prime_std": 0.0,
        "Q_X_prime_mean": 0.10678634254045669,
        "Q_X_prime_std": 0.0,
        "Q_Y_mean": 0.2115999162197113,
        "Q_Y_std": 0.0,
        "Gen_Error_mean": 0.4419154226779938,
        "Gen_Error_std": 0.0
      },
      "1.0": {
        "Q_W_mean": 0.40225401520729065,
        "Q_W_std": 0.0,
        "Q_X_mean": 0.41298630833625793,
        "Q_X_std": 0.0,
        "Q_W_prime_mean": 0.25429708827808495,
        "Q_W_prime_std": 0.0,
        "Q_X_prime_mean": 0.26768588960727496,
        "Q_X_prime_std": 0.0,
        "Q_Y_mean": 0.3664463758468628,
        "Q_Y_std": 0.0,
        "Gen_Error_mean": 0.7492994666099548,
        "Gen_Error_std": 0.0
      },
      "1.5": {
        "Q_W_mean": 0.5985835194587708,
        "Q_W_std": 0.0,
        "Q_X_mean": 0.5888216495513916,
        "Q_X_std": 0.0,
        "Q_W_prime_mean": 0.4992230044726952,
        "Q_W_prime_std": 0.0,
        "Q_X_prime_mean": 0.4870448301328117,
        "Q_X_prime_std": 0.0,
        "Q_Y_mean": 0.5804517269134521,
        "Q_Y_std": 0.0,
        "Gen_Error_mean": 0.9769629836082458,
        "Gen_Error_std": 0.0
      },
      "2.0": {
        "Q_W_mean": 0.8241748809814453,
        "Q_W_std": 0.0,
        "Q_X_mean": 0.8182478547096252,
        "Q_X_std": 0.0,
        "Q_W_prime_mean": 0.7806538119164728,
        "Q_W_prime_std": 0.0,
        "Q_X_prime_mean": 0.7732596999338154,
        "Q_X_prime_std": 0.0,
        "Q_Y_mean": 0.8549784421920776,
        "Q_Y_std": 0.0,
        "Gen_Error_mean": 0.8164791464805603,
        "Gen_Error_std": 0.0
      }
    },
    "2.0": {
      "0.0": {
        "Q_W_mean": 0.19222033023834229,
        "Q_W_std": 0.0,
        "Q_X_mean": 0.19985118508338928,
        "Q_X_std": 0.0,
        "Q_W_prime_mean": 0.0,
        "Q_W_prime_std": 0.0,
        "Q_X_prime_mean": 0.0017945477277903448,
        "Q_X_prime_std": 0.0,
        "Q_Y_mean": 0.0031570757273584604,
        "Q_Y_std": 0.0,
        "Gen_Error_mean": 0.7078366279602051,
        "Gen_Error_std": 0.0
      },
      "0.5": {
        "Q_W_mean": 0.3064112961292267,
        "Q_W_std": 0.0,
        "Q_X_mean": 0.29093560576438904,
        "Q_X_std": 0.0,
        "Q_W_prime_mean": 0.1347309238838177,
        "Q_W_prime_std": 0.0,
        "Q_X_prime_mean": 0.11542461709206413,
        "Q_X_prime_std": 0.0,
        "Q_Y_mean": 0.22202639281749725,
        "Q_Y_std": 0.0,
        "Gen_Error_mean": 6.177195072174072,
        "Gen_Error_std": 0.0
      },
      "1.0": {
        "Q_W_mean": 0.42555293440818787,
        "Q_W_std": 0.0,
        "Q_X_mean": 0.4232986569404602,
        "Q_X_std": 0.0,
        "Q_W_prime_mean": 0.28336306668708877,
        "Q_W_prime_std": 0.0,
        "Q_X_prime_mean": 0.2805507997471548,
        "Q_X_prime_std": 0.0,
        "Q_Y_mean": 0.38202548027038574,
        "Q_Y_std": 0.0,
        "Gen_Error_mean": 11.170695304870605,
        "Gen_Error_std": 0.0
      },
      "1.5": {
        "Q_W_mean": 0.6094858050346375,
        "Q_W_std": 0.0,
        "Q_X_mean": 0.6166296601295471,
        "Q_X_std": 0.0,
        "Q_W_prime_mean": 0.5128238755871258,
        "Q_W_prime_std": 0.0,
        "Q_X_prime_mean": 0.5217360116461109,
        "Q_X_prime_std": 0.0,
        "Q_Y_mean": 0.6024242043495178,
        "Q_Y_std": 0.0,
        "Gen_Error_mean": 14.861027717590332,
        "Gen_Error_std": 0.0
      },
      "2.0": {
        "Q_W_mean": 0.8338083624839783,
        "Q_W_std": 0.0,
        "Q_X_mean": 0.8441156148910522,
        "Q_X_std": 0.0,
        "Q_W_prime_mean": 0.7926718185433801,
        "Q_W_prime_std": 0.0,
        "Q_X_prime_mean": 0.805530371051199,
        "Q_X_prime_std": 0.0,
        "Q_Y_mean": 0.8808814883232117,
        "Q_Y_std": 0.0,
        "Gen_Error_mean": 12.355751991271973,
        "Gen_Error_std": 0.0
      }
    }
  },
  "total_time": 1.1524884700775146,
  "timestamp": "2025-12-04T06:06:49.318856"
}