{
  "config": {
    "N1": 10000,
    "N2": 10000,
    "M": 100,
    "steps": 1000,
    "samples_per_alpha": 1,
    "damping": 0.5,
    "noise_var": 1e-10,
    "mode": "optimized",
    "total_time": 289.85302472114563
  },
  "alpha_values": [
    0.0,
    0.1,
    0.2,
    0.30000000000000004,
    0.4,
    0.5,
    0.6000000000000001,
    0.7000000000000001,
    0.8,
    0.9,
    1.0,
    1.1,
    1.2000000000000002,
    1.3,
    1.4000000000000001,
    1.5,
    1.6,
    1.7000000000000002,
    1.8,
    1.9000000000000001,
    2.0
  ],
  "results": {
    "0.0": {
      "Q_W_mean": 0.00991530530154705,
      "Q_W_std": 0.0,
      "Q_X_mean": 0.010028223507106304,
      "Q_X_std": 0.0,
      "Q_W_prime_mean": 0.5049576526507735,
      "Q_W_prime_std": 0.0,
      "Q_X_prime_mean": 0.5050141117535532,
      "Q_X_prime_std": 0.0,
      "Q_Y_mean": -3.0561503081116825e-05,
      "Q_Y_std": 0.0,
      "Gen_Error_mean": 0.019944507628679276,
      "Gen_Error_std": 0.0
    },
    "0.1": {
      "Q_W_mean": 0.01066903118044138,
      "Q_W_std": 0.0,
      "Q_X_mean": 0.01047411561012268,
      "Q_X_std": 0.0,
      "Q_W_prime_mean": 0.5053345155902207,
      "Q_W_prime_std": 0.0,
      "Q_X_prime_mean": 0.5052370578050613,
      "Q_X_prime_std": 0.0,
      "Q_Y_mean": 0.0036257922183722258,
      "Q_Y_std": 0.0,
      "Gen_Error_mean": 0.08624500036239624,
      "Gen_Error_std": 0.0
    },
    "0.2": {
      "Q_W_mean": 0.011694048531353474,
      "Q_W_std": 0.0,
      "Q_X_mean": 0.01159644778817892,
      "Q_X_std": 0.0,
      "Q_W_prime_mean": 0.5058470242656767,
      "Q_W_prime_std": 0.0,
      "Q_X_prime_mean": 0.5057982238940895,
      "Q_X_prime_std": 0.0,
      "Q_Y_mean": 0.005605565384030342,
      "Q_Y_std": 0.0,
      "Gen_Error_mean": 0.1473662555217743,
      "Gen_Error_std": 0.0
    },
    "0.30000000000000004": {
      "Q_W_mean": 0.012565657496452332,
      "Q_W_std": 0.0,
      "Q_X_mean": 0.01294255256652832,
      "Q_X_std": 0.0,
      "Q_W_prime_mean": 0.5062828287482262,
      "Q_W_prime_std": 0.0,
      "Q_X_prime_mean": 0.5064712762832642,
      "Q_X_prime_std": 0.0,
      "Q_Y_mean": 0.007365710102021694,
      "Q_Y_std": 0.0,
      "Gen_Error_mean": 0.2083817571401596,
      "Gen_Error_std": 0.0
    },
    "0.4": {
      "Q_W_mean": 0.014193088747560978,
      "Q_W_std": 0.0,
      "Q_X_mean": 0.014104018919169903,
      "Q_X_std": 0.0,
      "Q_W_prime_mean": 0.5070965443737805,
      "Q_W_prime_std": 0.0,
      "Q_X_prime_mean": 0.507052009459585,
      "Q_X_prime_std": 0.0,
      "Q_Y_mean": 0.009224719367921352,
      "Q_Y_std": 0.0,
      "Gen_Error_mean": 0.2717953622341156,
      "Gen_Error_std": 0.0
    },
    "0.5": {
      "Q_W_mean": 0.015058841556310654,
      "Q_W_std": 0.0,
      "Q_X_mean": 0.015264246612787247,
      "Q_X_std": 0.0,
      "Q_W_prime_mean": 0.5075294207781553,
      "Q_W_prime_std": 0.0,
      "Q_X_prime_mean": 0.5076321233063936,
      "Q_X_prime_std": 0.0,
      "Q_Y_mean": 0.010474661365151405,
      "Q_Y_std": 0.0,
      "Gen_Error_mean": 0.3404950499534607,
      "Gen_Error_std": 0.0
    },
    "0.6000000000000001": {
      "Q_W_mean": 0.01616416499018669,
      "Q_W_std": 0.0,
      "Q_X_mean": 0.01668260060250759,
      "Q_X_std": 0.0,
      "Q_W_prime_mean": 0.5080820824950933,
      "Q_W_prime_std": 0.0,
      "Q_X_prime_mean": 0.5083413003012538,
      "Q_X_prime_std": 0.0,
      "Q_Y_mean": 0.01193919312208891,
      "Q_Y_std": 0.0,
      "Gen_Error_mean": 0.4145100712776184,
      "Gen_Error_std": 0.0
    },
    "0.7000000000000001": {
      "Q_W_mean": 0.01827811449766159,
      "Q_W_std": 0.0,
      "Q_X_mean": 0.018603751435875893,
      "Q_X_std": 0.0,
      "Q_W_prime_mean": 0.5091390572488308,
      "Q_W_prime_std": 0.0,
      "Q_X_prime_mean": 0.509301875717938,
      "Q_X_prime_std": 0.0,
      "Q_Y_mean": 0.014121615327894688,
      "Q_Y_std": 0.0,
      "Gen_Error_mean": 0.4909050464630127,
      "Gen_Error_std": 0.0
    },
    "0.8": {
      "Q_W_mean": 0.019443940371274948,
      "Q_W_std": 0.0,
      "Q_X_mean": 0.019425684586167336,
      "Q_X_std": 0.0,
      "Q_W_prime_mean": 0.5097219701856375,
      "Q_W_prime_std": 0.0,
      "Q_X_prime_mean": 0.5097128422930837,
      "Q_X_prime_std": 0.0,
      "Q_Y_mean": 0.015184958465397358,
      "Q_Y_std": 0.0,
      "Gen_Error_mean": 0.5750985741615295,
      "Gen_Error_std": 0.0
    },
    "0.9": {
      "Q_W_mean": 0.020964281633496284,
      "Q_W_std": 0.0,
      "Q_X_mean": 0.021230801939964294,
      "Q_X_std": 0.0,
      "Q_W_prime_mean": 0.5104821408167481,
      "Q_W_prime_std": 0.0,
      "Q_X_prime_mean": 0.5106154009699821,
      "Q_X_prime_std": 0.0,
      "Q_Y_mean": 0.016766075044870377,
      "Q_Y_std": 0.0,
      "Gen_Error_mean": 0.668758749961853,
      "Gen_Error_std": 0.0
    },
    "1.0": {
      "Q_W_mean": 0.02289463020861149,
      "Q_W_std": 0.0,
      "Q_X_mean": 0.022857271134853363,
      "Q_X_std": 0.0,
      "Q_W_prime_mean": 0.5114473151043057,
      "Q_W_prime_std": 0.0,
      "Q_X_prime_mean": 0.5114286355674267,
      "Q_X_prime_std": 0.0,
      "Q_Y_mean": 0.018742311745882034,
      "Q_Y_std": 0.0,
      "Gen_Error_mean": 0.7712252140045166,
      "Gen_Error_std": 0.0
    },
    "1.1": {
      "Q_W_mean": 0.024609997868537903,
      "Q_W_std": 0.0,
      "Q_X_mean": 0.02487926371395588,
      "Q_X_std": 0.0,
      "Q_W_prime_mean": 0.512304998934269,
      "Q_W_prime_std": 0.0,
      "Q_X_prime_mean": 0.5124396318569779,
      "Q_X_prime_std": 0.0,
      "Q_Y_mean": 0.020604662597179413,
      "Q_Y_std": 0.0,
      "Gen_Error_mean": 0.8791651129722595,
      "Gen_Error_std": 0.0
    },
    "1.2000000000000002": {
      "Q_W_mean": 0.026135409250855446,
      "Q_W_std": 0.0,
      "Q_X_mean": 0.026888379827141762,
      "Q_X_std": 0.0,
      "Q_W_prime_mean": 0.5130677046254277,
      "Q_W_prime_std": 0.0,
      "Q_X_prime_mean": 0.5134441899135709,
      "Q_X_prime_std": 0.0,
      "Q_Y_mean": 0.022300945594906807,
      "Q_Y_std": 0.0,
      "Gen_Error_mean": 1.005003809928894,
      "Gen_Error_std": 0.0
    },
    "1.3": {
      "Q_W_mean": 0.028113003820180893,
      "Q_W_std": 0.0,
      "Q_X_mean": 0.028481001034379005,
      "Q_X_std": 0.0,
      "Q_W_prime_mean": 0.5140565019100904,
      "Q_W_prime_std": 0.0,
      "Q_X_prime_mean": 0.5142405005171895,
      "Q_X_prime_std": 0.0,
      "Q_Y_mean": 0.024017054587602615,
      "Q_Y_std": 0.0,
      "Gen_Error_mean": 1.146156907081604,
      "Gen_Error_std": 0.0
    },
    "1.4000000000000001": {
      "Q_W_mean": 0.031315721571445465,
      "Q_W_std": 0.0,
      "Q_X_mean": 0.031186718493700027,
      "Q_X_std": 0.0,
      "Q_W_prime_mean": 0.5156578607857227,
      "Q_W_prime_std": 0.0,
      "Q_X_prime_mean": 0.51559335924685,
      "Q_X_prime_std": 0.0,
      "Q_Y_mean": 0.026952827349305153,
      "Q_Y_std": 0.0,
      "Gen_Error_mean": 1.306593418121338,
      "Gen_Error_std": 0.0
    },
    "1.5": {
      "Q_W_mean": 0.032551512122154236,
      "Q_W_std": 0.0,
      "Q_X_mean": 0.032673429697752,
      "Q_X_std": 0.0,
      "Q_W_prime_mean": 0.5162757560610771,
      "Q_W_prime_std": 0.0,
      "Q_X_prime_mean": 0.516336714848876,
      "Q_X_prime_std": 0.0,
      "Q_Y_mean": 0.02823352999985218,
      "Q_Y_std": 0.0,
      "Gen_Error_mean": 1.488035798072815,
      "Gen_Error_std": 0.0
    },
    "1.6": {
      "Q_W_mean": 0.03412514925003052,
      "Q_W_std": 0.0,
      "Q_X_mean": 0.03408726304769516,
      "Q_X_std": 0.0,
      "Q_W_prime_mean": 0.5170625746250153,
      "Q_W_prime_std": 0.0,
      "Q_X_prime_mean": 0.5170436315238476,
      "Q_X_prime_std": 0.0,
      "Q_Y_mean": 0.029721029102802277,
      "Q_Y_std": 0.0,
      "Gen_Error_mean": 1.7243590354919434,
      "Gen_Error_std": 0.0
    },
    "1.7000000000000002": {
      "Q_W_mean": 0.036525364965200424,
      "Q_W_std": 0.0,
      "Q_X_mean": 0.03585593029856682,
      "Q_X_std": 0.0,
      "Q_W_prime_mean": 0.5182626824826002,
      "Q_W_prime_std": 0.0,