replica,seed,runtime_sec,final_loss,estimated_convergence_step,cosine_similarity
1,100,26.2284,5.3696617126e+06,2,1.8938528374e-02
2,101,26.4470,4.5188658714e+06,2,4.4561871886e-01
