replica,seed,runtime_sec,final_loss,estimated_convergence_step,qy
1,42,0.7644,2.9392534494e-01,,7.5547921658e-01
2,1042,0.0884,3.3459118009e-01,,8.0626970530e-01
