replica,seed,runtime_sec,final_loss,estimated_convergence_step,cosine_similarity
1,100,0.0172,2.8706367016e+00,,3.3631590009e-01
2,101,0.0012,2.8682961464e+00,,7.3273874819e-02
