replica,seed,runtime_sec,final_loss,estimated_convergence_step,qy
1,42,0.6212,2.9392537475e-01,,7.5547909737e-01
2,1042,0.0502,3.3459115028e-01,,8.0626976490e-01
