alpha,Q_Y_mean,Q_Y_std,Loss_mean,Loss_std,Steps_mean,qy_replica_0
0.1,-0.005056560039520264,0.0,1.9539128541946411,0.0,1.0,-0.005056560039520264
