{
  "common_alphas": 31,
  "alpha_range": [
    0.0,
    3.0
  ],
  "Q_Y": {
    "max_diff": 0.04032762646675103,
    "mean_diff": 0.007464940413445866,
    "std_diff": 0.00901580633662759,
    "max_diff_alpha": 1.9000000000000001
  },
  "Q_Y_unobserved": {
    "max_diff": 0.0470756381750107,
    "mean_diff": 0.008029465228455298,
    "std_diff": 0.009982919857596835,
    "max_diff_alpha": 1.9000000000000001
  },
  "tolerance": 0.05,
  "data": {
    "alphas": [
      0.0,
      0.1,
      0.2,
      0.30000000000000004,
      0.4,
      0.5,
      0.6000000000000001,
      0.7000000000000001,
      0.8,
      0.9,
      1.0,
      1.1,
      1.2000000000000002,
      1.3,
      1.4000000000000001,
      1.5,
      1.6,
      1.7000000000000002,
      1.8,
      1.9000000000000001,
      2.0,
      2.1,
      2.2,
      2.3000000000000003,
      2.4000000000000004,
      2.5,
      2.6,
      2.7,
      2.8000000000000003,
      2.9000000000000004,
      3.0
    ],
    "qy_bigamp": [
      0.00044926491100341084,
      0.07528236284852027,
      0.11484155058860779,
      0.15498101860284805,
      0.18947354704141617,
      0.22179885059595109,
      0.2501521438360214,
      0.28579610884189605,
      0.3274569123983383,
      0.3576351463794708,
      0.3879831790924072,
      0.4288363069295883,
      0.465361425280571,
      0.4837505042552948,
      0.5218000948429108,
      0.5471013486385345,
      0.57789546251297,
      0.5856861054897309,
      0.5939304232597351,
      0.6996477484703064,
      0.9999999463558197,
      0.9999999582767487,
      0.9999999642372132,
      0.9999999880790711,
      0.9999999523162841,
      0.9999999880790711,
      0.9999999642372132,
      0.9999999463558197,
      0.9999999701976776,
      1.0,
      0.9999999701976776
    ],
    "qy_agd": [
      0.0025380292237969114,
      0.07802854552865028,
      0.12075065523386001,
      0.15548454076051713,
      0.1928572952747345,
      0.23452364951372145,
      0.2586281031370163,
      0.30088328421115873,
      0.3389116287231445,
      0.3673269748687744,
      0.4023520827293396,
      0.43827845752239225,
      0.47383067607879636,
      0.49530352354049684,
      0.5339399933815002,
      0.5561359882354736,
      0.5905693829059601,
      0.5981755971908569,
      0.6227315545082093,
      0.7399753749370575,
      0.9999860882759094,
      0.9999955117702484,
      0.9999959886074066,
      0.9999962985515595,
      0.9999965369701386,
      0.9999967277050018,
      0.9999968767166137,
      0.9999969601631165,
      0.999997079372406,
      0.9999970912933349,
      0.9999971687793732
    ],
    "qy_unobs_bigamp": [
      0.00044926491100341084,
      -7.132228129194118e-05,
      0.0008085769135504961,
      0.015380923775956035,
      0.02486016470938921,
      0.037651337869465354,
      0.05021781977266073,
      0.07234856858849525,
      0.10137737393379212,
      0.11895897686481476,
      0.14660469591617584,
      0.1849392518401146,
      0.22135029137134551,
      0.2413845494389534,
      0.2822647958993912,
      0.3169712364673615,
      0.35581193268299105,
      0.3803163170814514,
      0.40411281287670137,
      0.5354445189237594,
      0.9999998688697815,
      0.9999999642372132,
      1.000000011920929,
      0.9999999642372132,
      0.9999999165534973,
      0.9999999403953552,
      0.9999999284744263,
      0.9999999940395355,
      0.9999998986721039,
      0.9999999761581421,
      0.9999999701976776
    ],
    "qy_unobs_agd": [
      0.0025380292237969114,
      0.0026907828170806168,
      0.0072650602785870435,
      0.01529973028227687,
      0.028446456417441368,
      0.052560146898031235,
      0.058492842689156534,
      0.08952031284570694,
      0.11530819982290268,
      0.13064752593636514,
      0.1623940497636795,
      0.19343707710504532,
      0.2289796605706215,
      0.2547158658504486,
      0.29573500752449033,
      0.32649971544742584,
      0.3698340952396393,
      0.391856849193573,
      0.4311239063739777,
      0.5825201570987701,
      0.9999751627445221,
      0.9999936640262603,
      0.9999945998191834,
      0.9999950766563416,
      0.999995493888855,
      0.999995744228363,
      0.9999961256980896,
      0.9999963283538819,
      0.9999964118003846,
      0.9999965727329254,
      0.9999966025352478
    ]
  },
  "status": "PASS",
  "message": "Both Q_Y and Q_Y_unobserved within 5.0% tolerance"
}