{
  "metric": "Q_Y_unobserved",
  "configs": [
    {
      "key": "1000x100",
      "N": 1000,
      "M": 100,
      "ratio": 10.0
    },
    {
      "key": "2000x100",
      "N": 2000,
      "M": 100,
      "ratio": 20.0
    },
    {
      "key": "3000x100",
      "N": 3000,
      "M": 100,
      "ratio": 30.0
    },
    {
      "key": "4000x100",
      "N": 4000,
      "M": 100,
      "ratio": 40.0
    }
  ],
  "linear_fits": {
    "1000x100": {
      "slope": 0.16183686416063991,
      "intercept": -0.0918331063751664,
      "r2": 0.997538080132786,
      "slope_err": 0.004019940951468957,
      "alpha_start": 1,
      "alpha_end": 1.5,
      "transition_alpha": 2.3000000000000003,
      "transition_start": 2.2,
      "transition_end": 2.4000000000000004,
      "max_gradient": 2.3248886813720047
    },
    "2000x100": {
      "slope": 0.08324884676507541,
      "intercept": -0.047725235156360145,
      "r2": 0.9940663442101207,
      "slope_err": 0.0032158939591121352,
      "alpha_start": 1,
      "alpha_end": 1.5,
      "transition_alpha": 2.6,
      "transition_start": 2.5,
      "transition_end": 2.7,
      "max_gradient": 2.455981882909932
    },
    "3000x100": {
      "slope": 0.05386493754174027,
      "intercept": -0.029642632408511067,
      "r2": 0.9946326903799069,
      "slope_err": 0.0019784410973146534,
      "alpha_start": 1,
      "alpha_end": 1.5,
      "transition_alpha": 2.7,
      "transition_start": 2.6,
      "transition_end": 2.9000000000000004,
      "max_gradient": 2.642639043430485
    },
    "4000x100": {
      "slope": 0.044934598595968316,
      "intercept": -0.027537497137451464,
      "r2": 0.9971975609435354,
      "slope_err": 0.001191045507873674,
      "alpha_start": 1,
      "alpha_end": 1.5,
      "transition_alpha": 2.8000000000000003,
      "transition_start": 2.7,
      "transition_end": 2.9000000000000004,
      "max_gradient": 2.6934381388127777
    }
  },
  "slope_vs_ratio": {
    "linear_origin": {
      "a": 1.6342238028134615,
      "R2": 0.9994246470131848,
      "formula": "slope = 1.634224 * (M/N)"
    },
    "linear": {
      "a": 1.5815783441885491,
      "b": 0.003597439672702374,
      "R2": 0.998870305226508,
      "formula": "slope = 1.581578 * (M/N) + 0.003597"
    },
    "power_law": {
      "a": 1.4797733789245213,
      "b": 0.9614396607951282,
      "R2": 0.9987130900850298,
      "formula": "slope = 1.479773 * (M/N)^0.9614"
    },
    "quadratic": {
      "a": 0.6425974275987769,
      "b": 1.498782137171016,
      "c": 0.005622720026779736,
      "R2": 0.9989193073464587,
      "formula": "slope = 0.6426\u00d7(M/N)\u00b2 + 1.4988\u00d7(M/N) + 0.0056"
    },
    "quadratic_origin": {
      "a": -0.9697499919881212,
      "b": 1.7144449911750808,
      "R2": 0.9996830930888408,
      "formula": "slope = -0.9697\u00d7(M/N)\u00b2 + 1.7144\u00d7(M/N)"
    },
    "sqrt_origin": {
      "a": 0.416310955374621,
      "R2": 0.9491395375594309,
      "formula": "slope = 0.4163\u00d7\u221a(M/N)"
    }
  },
  "best_model": "linear_origin"
}