{
  "metric": "Q_Y_ortho",
  "configs": [
    {
      "key": "1000x100",
      "N": 1000,
      "M": 100,
      "ratio": 10.0
    },
    {
      "key": "2000x100",
      "N": 2000,
      "M": 100,
      "ratio": 20.0
    },
    {
      "key": "3000x100",
      "N": 3000,
      "M": 100,
      "ratio": 30.0
    },
    {
      "key": "4000x100",
      "N": 4000,
      "M": 100,
      "ratio": 40.0
    }
  ],
  "linear_fits": {
    "1000x100": {
      "slope": 0.12324087002447671,
      "intercept": 0.04075445820178303,
      "r2": 0.9989683872098537,
      "slope_err": 0.0019801917481847503,
      "alpha_start": 1,
      "alpha_end": 1.5,
      "transition_alpha": 2.3000000000000003,
      "transition_start": 2.2,
      "transition_end": 2.4000000000000004,
      "max_gradient": 2.3305472855766594
    },
    "2000x100": {
      "slope": 0.07782341326986038,
      "intercept": 0.008624905276866213,
      "r2": 0.9989430844821695,
      "slope_err": 0.0012656978542634081,
      "alpha_start": 1,
      "alpha_end": 1.5,
      "transition_alpha": 2.6,
      "transition_start": 2.5,
      "transition_end": 2.7,
      "max_gradient": 2.4814848353465377
    },
    "3000x100": {
      "slope": 0.05317795941872256,
      "intercept": 0.006290978042497522,
      "r2": 0.9980913059492192,
      "slope_err": 0.0011627455771749512,
      "alpha_start": 1,
      "alpha_end": 1.5,
      "transition_alpha": 2.8000000000000003,
      "transition_start": 2.6,
      "transition_end": 2.9000000000000004,
      "max_gradient": 2.4644016412397196
    },
    "4000x100": {
      "slope": 0.04271481265979154,
      "intercept": 0.0023866734423097988,
      "r2": 0.9993861667555312,
      "slope_err": 0.0005293062793531251,
      "alpha_start": 1,
      "alpha_end": 1.5,
      "transition_alpha": 2.8000000000000003,
      "transition_start": 2.7,
      "transition_end": 2.9000000000000004,
      "max_gradient": 2.7092811899880545
    }
  },
  "slope_vs_ratio": {
    "linear_origin": {
      "a": 1.338548602283208,
      "R2": 0.9849316009955887,
      "formula": "slope = 1.338549 * (M/N)"
    },
    "linear": {
      "a": 1.0601983987368067,
      "b": 0.019020597242337456,
      "R2": 0.9880315730202514,
      "formula": "slope = 1.060198 * (M/N) + 0.019021"
    },
    "power_law": {
      "a": 0.6900745830222216,
      "b": 0.7447795002468877,
      "R2": 0.994916665355353,
      "formula": "slope = 0.690075 * (M/N)^0.7448"
    },
    "quadratic": {
      "a": -6.544507447484128,
      "b": 1.903433012162648,
      "c": -0.0016057884094554803,
      "R2": 0.9992197592905582,
      "formula": "slope = -6.5445\u00d7(M/N)\u00b2 + 1.9034\u00d7(M/N) + -0.0016"
    },
    "quadratic_origin": {
      "a": -6.084038353156685,
      "b": 1.8418420188959665,
      "R2": 0.999874850542181,
      "formula": "slope = -6.0840\u00d7(M/N)\u00b2 + 1.8418\u00d7(M/N)"
    },
    "sqrt_origin": {
      "a": 0.34961643253400715,
      "R2": 0.9833063631921769,
      "formula": "slope = 0.3496\u00d7\u221a(M/N)"
    }
  },
  "best_model": "linear_origin"
}