{
  "metric": "Q_Y_ortho_unobserved",
  "configs": [
    {
      "key": "1000x100",
      "N": 1000,
      "M": 100,
      "ratio": 10.0
    },
    {
      "key": "2000x100",
      "N": 2000,
      "M": 100,
      "ratio": 20.0
    },
    {
      "key": "3000x100",
      "N": 3000,
      "M": 100,
      "ratio": 30.0
    },
    {
      "key": "4000x100",
      "N": 4000,
      "M": 100,
      "ratio": 40.0
    }
  ],
  "linear_fits": {
    "1000x100": {
      "slope": 0.11276296180273805,
      "intercept": -0.0582550843468025,
      "r2": 0.9954990918993035,
      "slope_err": 0.00379110765787116,
      "alpha_start": 1,
      "alpha_end": 1.5,
      "transition_alpha": 2.3000000000000003,
      "transition_start": 2.2,
      "transition_end": 2.4000000000000004,
      "max_gradient": 2.6298265842099964
    },
    "2000x100": {
      "slope": 0.07170963274048907,
      "intercept": -0.04135138920641372,
      "r2": 0.9982111967741145,
      "slope_err": 0.0015178105557116235,
      "alpha_start": 1,
      "alpha_end": 1.5,
      "transition_alpha": 2.6,
      "transition_start": 2.5,
      "transition_end": 2.7,
      "max_gradient": 2.6469123239318506
    },
    "3000x100": {
      "slope": 0.04876909857349736,
      "intercept": -0.027065792808397895,
      "r2": 0.9942329437854343,
      "slope_err": 0.0018571532830447231,
      "alpha_start": 1,
      "alpha_end": 1.5,
      "transition_alpha": 2.8000000000000003,
      "transition_start": 2.6,
      "transition_end": 2.9000000000000004,
      "max_gradient": 2.5833000180621917
    },
    "4000x100": {
      "slope": 0.0393961469775864,
      "intercept": -0.022775779145636735,
      "r2": 0.9970937455637494,
      "slope_err": 0.0010634634637285585,
      "alpha_start": 1,
      "alpha_end": 1.5,
      "transition_alpha": 2.8000000000000003,
      "transition_start": 2.7,
      "transition_end": 2.9000000000000004,
      "max_gradient": 2.8010348851482045
    }
  },
  "slope_vs_ratio": {
    "linear_origin": {
      "a": 1.2273238087624618,
      "R2": 0.9842095383146974,
      "formula": "slope = 1.227324 * (M/N)"
    },
    "linear": {
      "a": 0.9666256559091609,
      "b": 0.017814373778308926,
      "R2": 0.9868424729009424,
      "formula": "slope = 0.966626 * (M/N) + 0.017814"
    },
    "power_law": {
      "a": 0.6243153489619213,
      "b": 0.7396700968157244,
      "R2": 0.9941674263627398,
      "formula": "slope = 0.624315 * (M/N)^0.7397"
    },
    "quadratic": {
      "a": -6.213944395898096,
      "b": 1.767268491534494,
      "c": -0.0017701731959425607,
      "R2": 0.9989617061313577,
      "formula": "slope = -6.2139\u00d7(M/N)\u00b2 + 1.7673\u00d7(M/N) + -0.0018"
    },
    "quadratic_origin": {
      "a": -5.7063370152875885,
      "b": 1.6993724195799524,
      "R2": 0.9998340864752313,
      "formula": "slope = -5.7063\u00d7(M/N)\u00b2 + 1.6994\u00d7(M/N)"
    },
    "sqrt_origin": {
      "a": 0.32076766600997814,
      "R2": 0.9838249070696177,
      "formula": "slope = 0.3208\u00d7\u221a(M/N)"
    }
  },
  "best_model": "linear_origin"
}