alpha,Q_Y_mean,Q_Y_std,Loss_mean,Loss_std,Steps_mean,qy_replica_0,qy_replica_1,qy_replica_2,qy_replica_3,qy_replica_4,qy_replica_5,qy_replica_6,qy_replica_7
0.8,0.0022659814567305148,0.0013574348339843237,1.0057948008179665,0.014203329513311332,15.0,0.0024299309588968754,0.0030775319319218397,0.004489545710384846,0.0021473702508956194,0.0001285262405872345,0.0027848302852362394,0.00027196318842470646,0.0027981530874967575
1.0,0.002557908264861908,0.0013601541466070016,1.0033097714185715,0.015468421645729124,15.0,0.002740039024502039,0.003364497795701027,0.00479180458933115,0.0024388344027101994,0.0004087758716195822,0.0030733970925211906,0.0005685416399501264,0.003077375702559948
1.2,0.002855143597116694,0.0013585194043827017,1.004799097776413,0.013820244136187208,15.0,0.0030342095997184515,0.003668089397251606,0.0050845276564359665,0.0027528610080480576,0.0007051361026242375,0.0033687446266412735,0.0008676940342411399,0.0033598863519728184
