alpha,Q_Y_mean,Q_Y_std,Loss_mean,Loss_std,Steps_mean,qy_replica_0,qy_replica_1,qy_replica_2,qy_replica_3,qy_replica_4,qy_replica_5,qy_replica_6,qy_replica_7
0.8,0.002998881391249597,0.000861046315033923,1.0043209791183472,0.011126295375529123,20.0,0.004130315035581589,0.002627232111990452,0.0023813797160983086,0.00361929414793849,0.004010381642729044,0.0020426297560334206,0.0017312318086624146,0.0034485869109630585
1.0,0.003611905180150643,0.0008576523064310405,1.0035620406270027,0.009968538732393676,20.0,0.004738695453852415,0.003228762187063694,0.0029893277678638697,0.004243860021233559,0.004626747220754623,0.0026561757549643517,0.0023667868226766586,0.004044886212795973
1.2,0.004227338096825406,0.0008515029719759181,1.003886140882969,0.009669100170339487,20.0,0.005338089074939489,0.0038472365122288465,0.0036458373069763184,0.004854654427617788,0.005236015655100346,0.00324634718708694,0.002992363413795829,0.004658161196857691
