{
  "config": {
    "matrix": {
      "N1": 200,
      "N2": 200,
      "M": 20
    },
    "alpha": {
      "start": 0.0,
      "stop": 2.0,
      "step": 0.5
    },
    "training": {
      "max_steps": 500,
      "max_epochs": 20000,
      "samples_per_alpha": 2,
      "seed": 42,
      "resample_mask": true
    },
    "algorithm": {
      "damping": 0.5,
      "noise_var": 1e-10,
      "learning_rate": 0.01,
      "early_stop": false,
      "convergence_threshold": 1e-06,
      "use_compile": true
    },
    "algorithm_key": "bigamp",
    "graph_key": "random",
    "teacher_key": "orthogonal",
    "execution": {
      "metrics_to_compute": [
        "Q_Y",
        "Q_W",
        "Q_X",
        "Q_W_prime",
        "Q_X_prime",
        "Gen_Error"
      ],
      "plots": [],
      "include_summary_plot": true,
      "include_qy_plot": true
    }
  },
  "results": {
    "0.0": {
      "Q_W_mean": 0.5266594402492046,
      "Q_W_std": 0.6051683745243025,
      "Q_X_mean": 0.5235826559364796,
      "Q_X_std": 0.6118612835311203,
      "Q_W_prime_mean": 0.4795608770893942,
      "Q_W_prime_std": 0.6653841331827055,
      "Q_X_prime_mean": 0.4761779450838644,
      "Q_X_prime_std": 0.672743003284721,
      "Q_Y_mean": -0.1453699148260057,
      "Q_Y_std": 0.21932975842620145,
      "Gen_Error_mean": 0.11438177153468132,
      "Gen_Error_std": 0.02149892303294481,
      "Q_W_replica_mean": 0.09386704117059708,
      "Q_W_replica_std": 0.0,
      "Q_X_replica_mean": 0.08877267688512802,
      "Q_X_replica_std": 0.0
    },
    "0.5": {
      "Q_W_mean": 0.1459077000617981,
      "Q_W_std": 0.0021895920004137114,
      "Q_X_mean": 0.12872560322284698,
      "Q_X_std": 0.008848435816922625,
      "Q_W_prime_mean": 0.06092339161016874,
      "Q_W_prime_std": 0.002407461851198497,
      "Q_X_prime_mean": 0.042031633394228336,
      "Q_X_prime_std": 0.009728877191730101,
      "Q_Y_mean": 0.09638218954205513,
      "Q_Y_std": 0.0038192999968526425,
      "Gen_Error_mean": 0.4348132312297821,
      "Gen_Error_std": 0.0033441838419453977,
      "Q_W_replica_mean": 0.13627669215202332,
      "Q_W_replica_std": 0.0,
      "Q_X_replica_mean": 0.1469859629869461,
      "Q_X_replica_std": 0.0
    },
    "1.0": {
      "Q_W_mean": 0.1971324384212494,
      "Q_W_std": 0.006181109288637931,
      "Q_X_mean": 0.1870659813284874,
      "Q_X_std": 0.01483323562190894,
      "Q_W_prime_mean": 0.1172451188610458,
      "Q_W_prime_std": 0.006796145038743684,
      "Q_X_prime_mean": 0.10617702424662812,
      "Q_X_prime_std": 0.016309179464867027,
      "Q_Y_mean": 0.15531285852193832,
      "Q_Y_std": 0.0117453889126068,
      "Gen_Error_mean": 0.8355041146278381,
      "Gen_Error_std": 0.020156898887729115,
      "Q_W_replica_mean": 0.19486035406589508,
      "Q_W_replica_std": 0.0,
      "Q_X_replica_mean": 0.1867799013853073,
      "Q_X_replica_std": 0.0
    },
    "1.5": {
      "Q_W_mean": 0.24480216950178146,
      "Q_W_std": 0.015343528590254589,
      "Q_X_mean": 0.23612642288208008,
      "Q_X_std": 0.00113944004949202,
      "Q_W_prime_mean": 0.1696581067654538,
      "Q_W_prime_std": 0.016870247852947936,
      "Q_X_prime_mean": 0.1601191017756433,
      "Q_X_prime_std": 0.0012528171688430962,
      "Q_Y_mean": 0.19944436103105545,
      "Q_Y_std": 0.006129489935924213,
      "Gen_Error_mean": 1.5243261456489563,
      "Gen_Error_std": 0.00949020587919801,
      "Q_W_replica_mean": 0.18692807853221893,
      "Q_W_replica_std": 0.0,
      "Q_X_replica_mean": 0.17645446956157684,
      "Q_X_replica_std": 0.0
    },
    "2.0": {
      "Q_W_mean": 0.3101050853729248,
      "Q_W_std": 0.00864967127934525,
      "Q_X_mean": 0.28056614100933075,
      "Q_X_std": 0.006028158375391896,
      "Q_W_prime_mean": 0.24145882521076129,
      "Q_W_prime_std": 0.009510335088224867,
      "Q_X_prime_mean": 0.20898068240306422,
      "Q_X_prime_std": 0.0066279751291549414,
      "Q_Y_mean": 0.25061624497175217,
      "Q_Y_std": 0.010967505603065484,
      "Gen_Error_mean": 2.9844970703125,
      "Gen_Error_std": 0.11689445293235864,
      "Q_W_replica_mean": 0.19249457120895386,
      "Q_W_replica_std": 0.0,
      "Q_X_replica_mean": 0.1854134500026703,
      "Q_X_replica_std": 0.0
    }
  },
  "metadata": {
    "total_time": 11.687787532806396,
    "device": "NVIDIA GeForce RTX 5090"
  },
  "timestamp": "2025-12-08T10:07:28.465011"
}